剪刀手爱钓鱼,保密,2021-10-28 00:23:54,新疆棉是比较高档的棉花，好多低端品牌用不起的,27576,223
芥末味薄荷糖,女,2021-10-27 19:49:36,新疆彩棉也该打响，有多少人还不知道棉花除了白色外，还有其他颜色[嗑瓜子],15241,405
珩杳,男,2021-10-28 09:12:22,终于不是侵华的眯眯眼了[doge],8577,57
架青乘白,男,2021-10-29 12:06:43,友情提示，新疆棉是高档棉，一些舍不得花钱给你用好棉的厂商根本就是口嗨，就比如……,7317,28
狮子是陌生人,保密,2021-10-27 21:45:09,至少新疆棉事件后，我本人没有买过那些[OK],5548,128
穆桂嘤,保密,2021-10-27 22:53:26,坚叔微博每天都要转发新疆的美食美景美人，已然是新疆宣传大使了[星星眼][星星眼][星星眼],5273,35
_-Tim-_,保密,2021-10-29 15:29:33,然而Nike双十一大卖。。。我反正是不会沾这些恶心人的东西了。。。,3917,90
淘淘小仙子,保密,2021-10-28 10:51:47,如果T台后面停两台棉花收割机就完美了。,3818,22
Changmingliang,保密,2021-10-27 21:41:25,商业化意识再强点，政府出面，拉资源直接成立个品牌，多好的机会,2806,31
高温状态,男,2021-10-28 13:33:17,@清华大学 [吃瓜][吃瓜][吃瓜]看戏,2310,51
老秃鹫,男,2021-10-27 21:57:58,"中国：棉田走秀美不胜收
美国：棉田虐奴枪声不绝",1429,4
vicky135246,保密,2021-10-27 20:59:43,哈哈哈，就应该这样，趁机打响名堂,726,6
viusvior,保密,2021-10-28 23:05:51,"我男朋友要去援疆啦
不舍得可还是支持他[打call][打call][打call]",600,9
账号已注销,保密,2021-10-27 19:29:02,好漂亮的时尚秀，一定要去新疆[doge][doge],548,9
九州令羲和,保密,2021-10-29 10:07:58,娱乐明星都和某些品牌解约了，结果那么多体育运动员（苏炳添推广Nike，胡明轩签约阿迪，杨舒予签约AJ）都抵制个寂寞啊,333,27
梦想是一只大懒猫,保密,2021-10-28 20:49:16,这衣服主要还很接地气，我们平常普通人都可以穿出去的那种,293,7
截图车队bbdj,保密,2021-10-27 21:15:56,这花真好，昨晚还做梦梦到自己家棉花收了，俺是河南的[笑哭],278,2
想吃糖的采菊,女,2021-10-27 21:47:02,还有汉服，爱了爱了[害羞],263,1
重新作仁,保密,2021-11-12 12:09:35,别人不买是别人的自由，但别看人抵制就阴阳怪气别人穷，我爸是公司股东＋总经理，但我们一家从来没买过阿迪，穿的都是安踏李宁(李宁以后估计也不会买了)，至于我爸在河南暴雨后表示想尝试一下鸿星尔克。,172,7
zz066,保密,2021-10-28 14:17:23,话说自从这事件以后，某克某迪我已经很久没买了，以后也都不会买了，省钱小妙招get[OK],171,10
羹蛇行动,男,2021-10-28 07:19:05,眯眯眼的有可能不是怪物，也有可能是你的清华学长学姐[doge],88,3
星辰微微茫,男,2021-10-28 01:14:13,怎么没化成眯眯眼[doge],81,13
clverver,保密,2021-10-28 02:01:09,汉服不错，好主意,71,0
铑鬼,男,2021-10-27 19:30:14,新疆风景好吗？没去过唉,67,25
无名之辈丨,男,2021-10-31 10:57:02,"20年前红高粱模特队出现在电视里。
20年后白棉花模特队出现在现实里。[热词系列_好耶]",57,0
灰色轨迹4869,保密,2021-10-28 10:58:50,@新华社 华子来看一下新疆的时装秀啊[doge],52,1
宅椒,女,2021-10-29 10:53:19,新疆棉做的贴身衣物特别舒服，和别的比能明显摸出差别。[星星眼][星星眼][星星眼],51,3
南海十三郎゜,男,2021-10-28 18:25:45,骑到他们脸上输出,48,0
山海经里的怪兽,女,2021-10-27 22:10:16,一点不违和耶,41,0
螃蟹壳虾米,保密,2021-10-27 21:59:11,BBC：杀人诛心呐,40,0
魔法故事花园z,女,2021-10-27 22:05:16,好美，棉花[给心心][福到了],21,2
悦姐她老爸,男,2021-10-28 16:06:57,老美的骚操作，整的华为出名了，搞得新疆棉也出名了。讲真话，不是此次事情，我还真不知大新疆棉这么牛。另外作为职场人，还是建议，国企别崇洋媚外了，设备都指定购买进口的，一方面指责国产不好，一方面给进口的价格是国产的五六倍甚至十几倍。你给国产的翻一倍，你看质量好不好。,19,0
nanamicattery,保密,2021-10-28 10:36:55,新疆棉事件以后我就不买耐克hm那些了，反正一定要爱国，大的咱做不了、这种小事还是可以做的。,19,0
小云仙儿,保密,2021-10-27 21:16:10,一次T台一边彩棉，一边白色棉花好吗[打call],19,0
一米见方,保密,2021-10-28 03:56:41,晚上打光后，效果更好！,17,1
你的血管很好啊,男,2021-10-28 02:00:25,我能骂优衣库辣鸡吗？我花了九十块钱买的短袖T恤洗了几次衣服硬得就不像样子，当抹布都嫌次，呸！,17,4
白露薇Lewisia,保密,2021-10-29 15:36:31,"总觉得这个气氛应该配赵本山小品里那个走秀的BGM
诶——嗨——诶~嗨艾嗨哟——
火辣辣的心呐，火辣辣的情……",16,1
-AyNixiak,保密,2021-10-29 12:06:10,都站住！链接发一下！  对！没错！就是棉花链接！衣服链接也发一下！,13,0
鹏鹏Gilbert,男,2021-10-29 10:53:23,高中地理课上，就知道新疆的棉花是高档品才会用的。HM忽然的造谣都把我整懵了，他们用不起吧,13,0
10块腹肌小泰迪,保密,2021-10-28 07:05:38,我觉着劳动者是最美的银！！,13,1
金风细雨六分半,保密,2021-10-29 08:09:27,各位兄弟大妹子们有没有人知道这是哪个品牌的？我想要那件黑旗袍和那个老奶奶穿的圆领袍,11,2
丶梧桐细雨丶,保密,2021-10-30 01:36:31,新疆棉花质量很好的，我嫂子的姐夫就是新疆人，之前还专门托他们从新疆带了两床新疆棉花做的棉被[点赞],10,1
爱尔兰兰兰兰兰,保密,2021-10-28 15:59:04,胡明轩代言阿迪，苏神代言耐克,10,0
biang-jiajia,保密,2021-10-28 16:26:11,这么好看有创意的T台为什么不火,9,0
泡椒大菠萝,保密,2021-10-30 10:45:32,意识形态必须正确,8,0
被厌恶者的哲学,男,2021-10-28 06:31:57,雖然也不錯，但是在田里嘛還是希望整點工裝秀,8,0
金鱼爱熊猫,保密,2021-10-27 22:27:20,要是可以安排采棉工也加入走秀就更棒了,8,7
bili_74774403354,保密,2021-10-27 19:34:35,太美了，加油！,8,0
弓弦UU,保密,2021-10-30 11:31:32,互联网不能没有记忆nike，addias,5,0
吴痛针灸,保密,2021-10-28 17:51:37,建议扛着弹棉花的大弓走一波秀[doge],5,0
海盐西柚冰柠茶,保密,2021-10-28 14:50:54,哎，真的是造谣一张嘴儿，辟谣跑断腿儿[捂脸],5,0
少年白衣纵马笑,保密,2021-10-27 20:33:51,嘶！有些许离谱[doge],5,0
MathildeKaya,保密,2021-11-14 14:26:46,我觉得吧，咱有好的材料，也要做好的设计和品牌，设计师们加油加油!我等着你们填满我的衣柜和鞋柜!,4,0
慎言独身,保密,2021-11-02 22:49:11,然鹅某打破纪录田径运动员苏代言Nike 真的是太好笑了[吃瓜]🤡🤡,4,0
耗子家的哆啦,保密,2021-11-02 15:37:31,气质奶奶的圆领袍好飒爽,4,0
陌上銮灯,保密,2021-10-29 11:41:52,一瞬间……有几款就深得我心，喵呀，好看又实用，啥时候有同款？,4,0
靥夜飞花,男,2021-10-28 16:57:26,链接呢链接呢链接呢链接呢链接呢链接呢链接呢链接呢链接呢链接呢链接呢链接呢链接呢链接呢链接呢链接呢链接呢链接呢链接呢链接呢链接呢链接呢链接呢链接呢,4,0
f111r,保密,2021-10-28 08:02:03,买过一些日本本土品牌的衣服应该都知道，有的衣服上面都有个单独的标签写着优选美国棉花。,4,0
闹海ing----,保密,2021-11-21 14:56:29,赞！！大美新疆[支持][支持][支持],3,0
玖玖术,保密,2021-10-29 19:57:19,胡明轩就是新疆人，可以让他当模特,3,0
NA壹点点,保密,2021-10-29 11:13:51,这种视频下面，竟然不放个购买链接啥的~！?,3,0
白嫖怪成精,保密,2021-10-28 08:51:50,清华学学人家,3,0
酒精过敏的酒剑仙,保密,2021-11-21 20:53:45,说真的第一次知道“优衣库”还是在某网曝门[OK][OK][OK],2,0
内媚的岳小钗,保密,2021-11-17 21:10:22,"然而，耐克在你们苏神的代言下，销量又创新高~
打脸是遇见导的，没想到打脸的是我们的田径英雄，，，笑尿了，外国人嘲笑我们不是没有原因的。",2,0
沧井一粟,保密,2021-11-14 21:36:47,"必须赞！[支持]
别个越是泼脏水咱越是秀给他看[藏狐]",2,0
咱今儿发疯了吗,保密,2021-11-13 13:12:59,希望有一天我能够买到新疆棉做的汉服,2,1
丢了老号的老金,保密,2021-11-12 15:07:20,衣服还是一般，没有主题，种类繁杂，直接搞场大的，真正大品牌或者联名的走秀，请国内知名的摄影师来拍，后面热度全炒上去，营销也弄起来。那些抵制新疆棉的垃圾品牌才能流失更多的客户,2,0
DASHABIOVERLXRD,男,2021-11-11 20:36:34,新疆棉贵的，有些厂牌还诋毁，看到是我们的就疯狂诋毁呗，行，我们也不买你们的，用你们的劣质棉花骗顾客去吧[给心心],2,0
天极宙始荒古剑帝,男,2021-11-04 18:26:53,麻烦严查苏炳添和胡明轩！！,2,1
一抹夏悠悠,男,2021-11-01 19:52:06,内个，摘棉花了,2,1
账号已注销,保密,2021-10-30 11:04:25,首页第一条[OK]我啪的一下就点进来了[热词系列_燃起来了][热词系列_知识增加][热词系列_燃起来了],2,0
嘻嘻咦嘻嘻哈哈咦哈哈,男,2021-10-29 19:39:50,个人感觉穿汉服一类的应该走慢点太快的话感觉轻浮,2,0
持有熏肉の畑山,保密,2021-10-29 07:08:23,我无权阻止别人买洋鬼的产品，但我能做到管好自己,2,0
夺命大阔乐,保密,2021-10-28 20:47:11,这不比眯眯眼好看多少倍[OK],2,0
广广总督,保密,2021-10-27 22:15:46,社长，我们没借口骂（诬陷诋毁）他们了！！（嗯，这个嘛……那就……骂…骂他们…破坏棉田才铺的T台…）,2,0
色授魂与,男,2021-10-27 21:10:14,[鼓掌][鼓掌][鼓掌][鼓掌][鼓掌],2,0
su永遠有多遠,女,2021-10-27 21:09:44,好！,2,0
幽兰youlanck,男,2021-11-23 18:53:27,劳动人民就是最美的，没人劳动吃啥、穿啥，没吃、没穿还臭美啥,1,0
舢河,男,2021-11-22 04:21:30,评论区也搞政治正确吗？希望可以理性爱国，我依然买耐克，会用苹果，会去国外留学，但这不影响我爱国[捂脸],1,1
渝州夏眠,保密,2021-11-21 00:24:17,这才是我们应该有的！支持！[打call],1,0
egzwsnqdkjd,男,2021-11-18 19:05:35,抵制新疆棉的品牌直接赶出中国市场，天天惯着它们,1,0
小嫣然儿,女,2021-11-18 18:17:01,棒棒哒！♥,1,0
松花酿酒和财米油盐,女,2021-11-16 03:51:33,完美！,1,0
美食乍家王刚R,男,2021-11-15 21:40:34,"大棉袄配二棉裤
里头是羊皮外头裹着布
哪怕是零下四五十度
穿上它咋冷咱也不打怵
——《诗经·新风》
[脱单doge]",1,0
就取这个昵称,男,2021-11-15 20:54:36,怎么买到新疆棉的呢？有官方店么,1,0
居居阿布吉,保密,2021-11-15 16:37:38,我仍然在耿耿于怀新疆棉事件，而我舍友已经开始用Nike装点门面了,1,0
华强熟了,保密,2021-11-15 13:56:29,支持！,1,0
幼年ぐだこ,男,2021-11-14 13:20:26,看到这么多棉花就突然好想吃西瓜啊[doge],1,0
疯骚骚年狼,保密,2021-11-13 23:21:25,很接地气[星星眼],1,0
零零零零食海棠,保密,2021-11-13 21:42:47,希望你识相一点，把这些牌子的名字打出来，趁着双十二还没到，给我们一个抢购的机会[doge],1,0
骑着幼兽去旅游,男,2021-11-13 18:00:50,高档，也要国内老百姓买得起，才有用，不然也是出口给国外品牌，再卖回来，有啥用？,1,0
69-SS,男,2021-11-13 15:22:20,虽然不太文明，但是我还是想说，骚啊。[脱单doge],1,0
飘摇神医,保密,2021-11-13 14:20:52,如果背景是摘棉花的阿姨们就更完美了,1,0
天元子木,男,2021-11-13 13:59:46,这不搞个互动抽奖[doge],1,0
酆都小子,保密,2021-11-12 22:23:41,之前在各大国际秀场上见过火车站台走秀，麦田里走秀，普罗旺斯薰衣草秀，等等各种室外秀，，，，，，显然我们的棉花天还有很大进步空间啊！,1,0
孙千和,女,2021-11-12 18:12:11,这必须点赞投币,1,0
请你原谅我的矮矬,保密,2021-11-12 14:03:14,这不比某大学高级一百倍[嘟嘟],1,0
海岛浮沉,保密,2021-11-10 12:15:11,坚决支持！如果能每年都搞这样的活动，那也是挺好的，新疆团团加油！,1,0
火锅配手抓饭,男,2021-11-10 10:53:33,咋没有机械首收割的背景啊，意义丧失一大半,1,0
一海棠棠,保密,2021-11-07 14:20:09,有仙桃棉了！,1,1
Madao欧桑,男,2021-11-05 14:10:23,作为团场90后，当年我也是也是年年拾棉花 轻工俭学 过来的，苦啊，学校每年拾棉花 拾不到一定数量自己掏腰包，拾到一定数量也比外来名工价格低，一拾都是一个半月或者2个月，占用全是上学时间，住的地方全是地铺，潮湿 早上下地全是霜 裤子必湿，秋收时候星期六星期天还要帮老师家里收辣子 西红柿，播种的季节还要帮老师家播种 解放苗，呵呵了 真实情况。[吐][吐],1,0
彪彪快跑,男,2021-11-04 22:16:57,花式打脸了属于是,1,0
-心欢-,保密,2021-11-04 12:00:30,说句不合时宜的话哦，耐克在国内销量并无影响，别人相反销量还有所增加[辣眼睛]   大部分人还是没记忆的[笑哭]  所以知道有些品牌为什么会看不起，看低中国了吧,1,1
疏先森加油,保密,2021-11-03 23:58:46,你！看！到！有！一！个！眯！眯！眼！吗！,1,0
工具人王菠萝,保密,2021-11-03 21:52:37,我们中国人就是会过日子，好东西都是卖出去挣钱，陕西洛川苹果，山东优质大葱，芹菜！浙江莼菜！总之好东西我们都不舍得自己吃[大哭],1,0
与青山的酒,保密,2021-11-03 18:54:27,@清华大学,1,0
Jerrybalabalaba,男,2021-11-03 17:51:23,"自信，
自强",1,0
郎漠宇,保密,2021-11-03 12:41:43,我想起来当年赵本山和范伟的小品[笑哭][笑哭][笑哭],1,0
在左岸终遇,男,2021-11-03 00:20:50,你们再多的设计能脱的来劳动？？？,1,0
八尺轻舟-zz,保密,2021-11-01 21:16:52,要多办这种活动,1,0
sir权权,男,2021-11-01 18:14:13,创意和意义满分,1,0
讨厌电梯抽烟,女,2021-11-01 15:49:14,小的时候经常摘棉花，划得手疼，现在看见我就会觉得累,1,0
LightBaby,男,2021-10-31 01:02:21,爱国者必看！BV1yr4y1276t,1,0
动物真皮格蕾塔通背狸,男,2021-10-30 18:47:46,那有什么，欧美媒体集体假装眼瞎看不见，就当没有这事，欧美民众继续蒙在股里，双赢。,1,0
蓝莓酱麻婆豆腐,男,2021-10-30 16:35:48,哎哟！！！浓眉大眼鹅蛋脸终于是我喜欢的款式了,1,0
觐觐觐觐见,保密,2021-10-30 14:10:53,去淘宝一看耐克阿迪优衣库粉丝依旧千万以上[灵魂出窍],1,0
阿兵哥哦,保密,2021-10-30 12:35:44,说出来可能你们不信，我全程都在看棉花[笑哭][笑哭][笑哭],1,0
吴九折,保密,2021-10-30 01:36:03,一直很纠结，想买一双某克，但是心里一直有个声音在告诉我不行啊。打开b站就刷到了这个视频，应该是在提醒我什么[笑哭],1,0
修仙筑基飞升可期,男,2021-10-29 22:53:56,必须踩,1,0
战略忽悠局女保安,女,2021-10-29 22:43:54,偷国：这是从我们韩国偷的棉花种子,1,0
深宅大愿,保密,2021-10-29 22:28:33,"“你穿的是地，你披的是天

走的是阳关道，奔的是日子甜

千百年创业艰辛，换来这春满家园”",1,0
白与白灰,保密,2021-10-29 21:50:20,这特么才是正常的衣服好么，有的走秀都是什么玩意儿,1,0
Diamond__dog,男,2021-10-29 21:31:33,美国敢让黑人模特这么干吗？？？,1,0
秋彩梧桐,保密,2021-10-29 20:02:39,其实最好的棉在美国中国还有中东部分地区 许多棉是被纱线公司收购 一般情况下顶级纱线公司基本算是垄断了顶级棉 所以才会出现那个什么更好棉花组织抵制新疆棉,1,0
一尺米,保密,2021-10-29 19:26:32,想说耽误人干活儿！干嘛！看的人都不是干活的[doge],1,2
倒着滑滑梯,保密,2021-10-29 18:21:16,哈哈哈哈哈哈哈哈哈哈，新疆团子，我来了,1,0
追乎飞镰,保密,2021-10-29 16:42:09,又搞政治正确[藏狐],1,0
网友阿力,男,2021-10-29 16:23:37,第一次看到自己地方的共青团,1,0
Somnolibraria,保密,2021-10-29 13:10:08,白人黑人同时震怒[脱单doge],1,0
wing果果,保密,2021-10-29 12:58:45,阳光好好,1,0
沐枂人,男,2021-10-29 12:35:34,真好[嘟嘟][嘟嘟],1,0
胸无点墨人无志,男,2021-10-29 12:29:11,我们学校还大肆宣扬给年纪前20发Nike衣服，直接恶心[蛆音娘_无语],1,1
一汀春雨杏花暖,男,2021-10-29 11:49:54,没有眯眯眼，好评,1,0
赞的甜田,女,2021-10-29 11:43:12,规模可以再搞大些！！,1,0
午夜阳光92629,男,2021-10-29 11:38:19,他们美国人压迫黑奴采棉花。然后骂我们引起他们共鸣。共鸣个鬼。谁像他们这么恶心,1,0
寻路日记poetry,保密,2021-10-29 11:28:42,清华:连眼都不眯一下，这不自由,1,0
PotatoShip,男,2021-10-29 09:25:50,点进来前以为是个玩笑[微笑],1,0
bili_58357112930,女,2021-10-29 08:11:07,"某宝的优衣库，一生避雷
你们低端你们用不起我们的好棉花",1,0
五星上将--詹姆斯下士,男,2021-10-28 22:34:54,新疆长绒棉那可是硬货[藏狐],1,0
童baobao,保密,2021-10-28 22:03:41,有味了，趁热打“铁[热词系列_燃起来了]”,1,0
bili-淇奥,保密,2021-10-28 20:31:07,宣传新疆棉的同时让某高校看看什么是模特[吃瓜]@清华大学,1,0
卢比扬卡疗养院院长,男,2021-10-28 19:56:34,@品味新疆 别光吃肉，多拍点古丽[吃瓜],1,1
去月球bilibili,男,2021-10-28 19:55:19,庄稼，丰收了，chuachua 你，劳动者是最美的人。,1,0
_NightKid,保密,2021-10-28 19:31:24,站内，想买新疆棉花的可以找up“荒野拾遗录”[Cat2_Nyampage],1,0
老湿不要走,保密,2021-10-28 19:03:47,好好的棉花地，硬搞这么一段硬路，你们是不是怕bbc没有喷人的素材了！,1,3
救人难救心,男,2021-10-28 18:46:34,我现在只买国产品牌，而且企业家是爱国的那种品牌，阿迪达斯，耐克看都不看。,1,0
monikakawa,保密,2021-10-28 18:28:14,"彩棉，CCIA,长绒棉。",1,0
米籽哥,保密,2021-10-28 18:16:18,天哪，我以为是赵叔走秀[笑哭][笑哭],1,0
非洲黑神棍,男,2021-10-28 14:45:26,要不要来个中国棉花认证,1,0
往来可去,女,2021-10-28 14:13:26,把品牌名字打上吧，有一套衣服挺好看的，想买。,1,0
陳露淡雅,保密,2021-10-28 14:04:16,帅！,1,0
A_dore,保密,2021-10-28 13:10:36,还以为坚哥去走秀了[脱单doge],1,0
一颗有心的洋葱,男,2021-10-28 12:48:38,团团，在新疆咱整个国际棉花节！,1,0
落叶有罪-白条封号中,保密,2021-10-28 12:38:40,为什么不摆几台最新机械收割机？广告不打白不打啊,1,0
ancki,女,2021-10-28 12:13:21,就是喜欢你看不惯又干不掉我的样子，新疆人硬气～,1,0
深蓝之触,男,2021-10-28 11:41:00,Nike Adidas下地狱去吧,1,0
小丸子吃青椒,保密,2021-10-28 11:23:58,好有创意啊！而且模特选的很棒啊,1,0
江南雨夜前,保密,2021-10-28 09:40:05,天地与我并生，万物与我为一,1,0
肉食长春藤,保密,2021-10-28 02:23:28,新疆棉其实一大买家是高端珠宝行业,1,7
东齐笑三少,男,2021-10-27 22:06:30,这是啥时候拍的？新疆棉花几月成熟？,1,3
谧兰淅,保密,2021-10-27 22:05:57,是捡棉花的季节了[tv_笑哭],1,0
NewTuffy,女,2021-10-27 22:02:32,我家的棉花应该在收啦[鼓掌],1,0
吃藕鹰酱不要碧莲,保密,2021-10-27 22:02:23,好看！,1,0
下个b站看新闻,女,2021-10-27 20:39:45,[星星眼][星星眼][星星眼],1,0
l唯物主义者,保密,2021-11-24 18:10:19,兄弟们。来点新疆棉品牌。正好缺过冬衣服,0,0
N-Z-N,保密,2021-11-24 13:33:40,那几套汉服好好看啊,0,0
霁了个九,男,2021-11-23 21:53:45,所以这是哪个牌子的啊,0,0
三千兔,女,2021-11-23 21:04:30,买了条新疆棉的棉被，可香了。各种意义上的香。盖着特舒服。,0,0
大吉大利按秒算,保密,2021-11-23 20:47:44,这个 太可以了，好洋气啊,0,0
爱莫能助,保密,2021-11-23 19:55:45,利好新赛,0,0
粉毛粉末粉面,保密,2021-11-23 17:26:09,哪些牌子用新疆棉花,0,0
阿宁小胖樊,保密,2021-11-23 15:43:48,@陆仙人哦,0,0
狮心欢鱼,男,2021-11-23 15:36:33,友友们有什么好的淘宝店铺推荐吗，国货，最好是用长绒棉的学生党不买H&amp;M，优衣库找找国货替代[doge],0,0
局长きゅくちゅ,女,2021-11-23 14:45:51,我很喜欢优衣库的衣服[doge],0,0
南柯一梦の柯梦,男,2021-11-23 13:50:09,某些黑人：你们竟然在宣传棉花！！！[无语],0,0
乞力马扎罗-彗,保密,2021-11-23 11:49:19,这秀场真的秀[doge],0,0
哼哼大魔王,保密,2021-11-23 08:44:37,棉花～花海[脱单doge],0,0
账号已注销,保密,2021-11-22 20:14:08,广东队那个接耐克代言的新疆籍球员出来挨打,0,0
初雪弦月,男,2021-11-22 19:42:26,其实除了新疆棉，还可以关注一下新疆的牛奶，比如天润。天润虽然很好喝，但是知名度太低了,0,0
蹴踏,女,2021-11-22 18:21:16,这不比阴间超模好看,0,0
似伊,女,2021-11-22 10:52:40,宣传鬼才,0,0
观察者浪客兔子,保密,2021-11-22 08:27:53,这不比那个什么美院的强？之前那个学姐也是那个什么美院的把，烂到一锅了[doge],0,0
蘑菇西瓜皮Fishing,男,2021-11-22 01:51:20,我的大盘鸡呢,0,0
贪凉SAMA,男,2021-11-22 00:06:08,[吃瓜]多好看   自己种的棉花 自己做的衣服,0,0
耳朵又发炎了,保密,2021-11-21 22:43:41,很好。T台秀是西方发明的，而且在消费主义浪潮下已经变得越来越奇怪，什么妖魔鬼怪只要有资本背书都可以上台，我觉得这是最好的展示并且反讽，你们可以的，我也可以；我不光可以，我还更好。,0,0
欢乐锅铲子1号,保密,2021-11-21 19:51:45,腾讯使劲地打耐克的广告，QQ音乐QQ界面，游戏界面，腾讯就是走狗，看见就恶心。,0,0
18层痛楚又断了,女,2021-11-21 19:01:23,这才是纯纯中国风,0,0
玄学PhD,男,2021-11-21 12:04:00,绿色，第四套，男装，请上链接,0,0
清远打杂佬,保密,2021-11-21 10:34:59,新疆棉好样的，加油,0,0
一叽咕ow,保密,2021-11-21 10:16:12,多来点，这种，爱看[OK],0,0
葫芦小黑猪,保密,2021-11-21 10:06:39,没有牌子？上哪买？,0,0
劳小猫,保密,2021-11-21 09:40:40,反正没有眯眯眼[OK],0,0
Mr羊驼君,保密,2021-11-21 00:09:06,这神仙创意不早弄[滑稽],0,0
投江追月,保密,2021-11-20 22:38:47,都说抵制nike，就不说用新疆棉的品牌和店铺名[热词系列_好家伙],0,0
戎子虞,女,2021-11-20 21:35:05,阔以点阔以点,0,0
小张飞彪,男,2021-11-20 21:29:27,@清华大学,0,1
dinahwind,保密,2021-11-20 21:29:35,好漂亮的棉花田,0,0
Morisgc,保密,2021-11-20 20:58:17,买不起对不起＞人＜,0,0
耗汁尾姿,保密,2021-11-20 19:24:47,太棒了，这场秀必须点赞[支持][支持],0,0
尹一鹤yihe,保密,2021-11-20 18:34:35,我感受到了生活美的气息,0,0
过往喜欢,保密,2021-11-20 18:15:25,好好看！！！！！,0,0
姑苏城外江渔火,男,2021-11-20 17:22:10,原来还有人记得，我已经好久不去那些店了，自那以后我一直能买国产就买国产，看到一些消息说很多民营企业的背后都有外资的影子，哎，但是民族企业加油呀！新疆棉加油呀！,0,0
Ye那么骄傲,保密,2021-11-20 15:28:16,音乐为啥搞个国外的？,0,0
柯基与狠活,保密,2021-11-20 15:30:49,新疆真的是个好地方，但总有人去诋毁，因为它们脏,0,0
学生卡-L,男,2021-11-20 13:33:50,记得赵本山有个小品说：劳动者才是最美的人,0,0
风起回廊,保密,2021-11-20 13:03:44,我爱我的祖国！！,0,0
卿禹阅读,男,2021-11-20 11:57:48,有意思,0,0
Rem晨钟暮鼓,男,2021-11-20 11:19:52,天才创意,0,0
詹雁之,女,2021-11-20 10:29:12,"我实话实说，我想看的是新疆工人大姐在棉花地里工作的纪录片
什么高档不高档的我不知道
我只知道中国人民万岁！",0,0
19loan在路上,保密,2021-11-20 00:21:13,这波操作666，大赞啊！,0,0
是你的飞飞飞飞飞啊,保密,2021-11-19 22:37:21,想买男模穿的那些卫衣诶,0,0
木尚233333,保密,2021-11-19 22:26:52,挺好，希望以后明年都举办这样的活动,0,0
Chopin_Wang,保密,2021-11-19 22:21:37,原材料和成品的碰撞,0,0
别用泪眼看我,保密,2021-11-19 20:08:36,我觉得超级赞啊！,0,0
wl忘羡133,保密,2021-11-19 18:07:01,好漂亮,0,0
ttomatte,男,2021-11-19 15:13:56,这才是正经艺术好吧,0,0
一心吧唧,男,2021-11-19 14:42:39,旧棉花弹成了新棉花呀！弹好了了棉被那个姑娘要出嫁[滑稽][偷笑][吃瓜],0,0
一心吧唧,男,2021-11-19 14:23:40,种感觉《弹棉花》特别适合这个视屏[笑哭]梦幻联动,0,0
学习韩劳模,保密,2021-11-19 12:57:23,@共青团中央,0,0
账号已注销,保密,2021-11-19 12:33:11,团团站起来了，伊犁人狂喜[doge][doge][doge],0,0
云端淡笑坐,保密,2021-11-19 11:13:12,[支持][支持][支持],0,0
磕糖少女伪,保密,2021-11-19 10:40:32,美,0,0
祖玛教主-,男,2021-11-19 09:33:06,今年棉花价格13块多，今年种棉花的真正的钱都挣炸掉了。这还要感谢美国人,0,0
好个昵那称,保密,2021-11-19 08:42:45,这创意不得了。赞！,0,0
Plumblume,女,2021-11-18 21:31:04,jacquemus,0,0
北高文芸部,男,2021-11-18 21:23:13,低端品牌用不起新疆棉[脱单doge],0,0
爷就是酷盖,女,2021-11-18 20:22:53,这棉花地好漂亮,0,0
三生三石为你心动,保密,2021-11-18 18:28:34,妈妈刚给我家做的新棉被，全部是新疆棉，柔软暖和，好爱,0,0
账号已注销,保密,2021-11-18 18:21:28,中国的棉花就是好。,0,0
风音弦倾,保密,2021-11-18 18:16:51,有没有靠谱的棉花店，想买,0,0
亚里亚里酱,保密,2021-11-18 16:17:24,不错不错，继续发扬光大做大做强，期待成为一个顶尖品牌的到来,0,0
于事咄,男,2021-11-18 15:36:44,看，前边是一片火红火红的高粱地啊，这是玉米，这是黄豆，丰收了，丰收的农民在收粮食，只看所有的男同事挥舞着镰刀嚓嚓嚓……，割完了一片高粱，看这边，所有的女同事也都嚓嚓嚓……嚓出一片包米，所有人收工了，都在那里嚓嚓……[热词系列_妙啊],0,0
BLaness,男,2021-11-18 14:42:45,出发点好 但是能不能找点专业的模特啊 这太丢人了。。。,0,0
死神的神谕,男,2021-11-18 13:16:57,官方整活，最为致命[笑哭],0,0
爱ten的amelie,保密,2021-11-18 13:07:56,多来点这样的，我们新疆棉花就是好,0,0
蛋定的消防员,保密,2021-11-18 06:59:42,我要在棉花地理吃西瓜,0,0
李沐相伴,男,2021-11-18 01:06:52,好多男的长衫配短裤，好有广式风格[滑稽],0,0
墨盒的海,保密,2021-11-18 00:55:05,某美院出来挨打[呲牙],0,0
世界在我之外,保密,2021-11-17 22:20:51,这个号[鼓掌],0,0
咸奶绿,女,2021-11-17 21:46:35,大新疆yyds,0,0
龙宝的妈,保密,2021-11-17 20:27:38,太棒了,0,0
淘气瞄jiang妹儿,保密,2021-11-17 20:03:58,(⊙o⊙)哇，在哪里拍的,0,0
我村策略师,保密,2021-11-17 18:42:05,现在都这么玩了吗？[笑哭],0,0
以落长安,女,2021-11-17 15:38:20,好家伙标题没看全我以为坚叔走秀了[热词系列_知识增加],0,0
琳琳琳哟,保密,2021-11-17 14:05:46,确实帅！,0,0
说谎打死你,保密,2021-11-17 13:35:51,很好,0,0
须嘻嘻,保密,2021-11-17 05:58:07,绝了，这个想法绝了，这个现场绝了,0,0
白色的抹布,保密,2021-11-17 05:06:39,呜呜呜呜呜呜呜呜呜，终于不是眯眯眼了,0,0
碳基絕緣柒號機,保密,2021-11-17 00:14:56,中国应该做自己的文化时尚，做自己的品牌风格，用我们的精益求精，完美品质让外部流言蜚语不攻自破。,0,0
vanneilson,保密,2021-11-16 23:32:08,哈哈哈，谁想的,0,0
小沸影视解说,女,2021-11-16 22:52:56,小时候家里也种棉花，棉花真美,0,0
麻瓜大福,保密,2021-11-16 20:05:43,[给心心][星星眼][打call],0,0
忆然夕黄乐清,保密,2021-11-16 19:07:20,展现软实力的同时又华丽辟谣，大女主剧本,0,0
北岸花园11号,男,2021-11-16 18:26:20,胡明轩震怒,0,0
俊瓜,保密,2021-11-16 17:47:39,可惜视频做的太拉跨。。。,0,0
松鼠家的猫窝,女,2021-11-16 16:07:24,全棉时代是用的新疆棉吗,0,0
养乐多加优酸乳,女,2021-11-16 15:51:25,这是在哪个团场的棉花地，我家也是种棉花的，一下好亲切,0,0
逻辑研究1,保密,2021-11-16 14:10:57,感觉好冷啊,0,0
池鱼oO,保密,2021-11-16 13:11:19,这能不点赞？,0,0
yangsuv,保密,2021-11-16 12:01:07,你这不是打脸西方欧美粑粑们了么！[doge],0,0
祝您龍年行大运,保密,2021-11-16 10:52:43,棉花真好看啊，说实在的新疆的棉花太好了，我们自己都不够用啊,0,0
夏之森,保密,2021-11-16 09:23:07,还有多少rh的品牌在收割中国的钱,0,0
S派大星呀丶,保密,2021-11-16 06:45:35,好，情工作人员跟观众们吃西瓜[吃瓜],0,0
月已西往,保密,2021-11-16 02:35:47,@陕西共青团 好秀呀[打call],0,0
Linker_琳可儿,保密,2021-11-16 00:00:53,创意不错，服装简朴了点，亦可能是我个人比较喜好在款式上的创新，总之，缺设计师嘛还[羞羞][羞羞],0,0
江南ザ菊次郎,男,2021-11-15 23:34:58,搭个露天棚子，不然不好拍[呲牙],0,0
画烟画,保密,2021-11-15 21:56:04,啊啊啊 很漂亮,0,0
颂凉栀子,保密,2021-11-15 21:18:22,求bgm,0,0
每人是自己命运的铁匠,保密,2021-11-15 20:57:26,棒,0,0
和风旭日情依依,男,2021-11-15 19:11:56,真实高级[星星眼],0,0
TotoroCC,保密,2021-11-15 19:00:02,除了产量少到可以忽略不计的埃及棉 就属新疆长绒棉是极品了,0,0
TotoroCC,保密,2021-11-15 18:56:15,@陈漫ChenMan Dior的烂饭少恰点,0,0
养娃爹,男,2021-11-15 17:11:01,好!好!好!,0,0
AC19,保密,2021-11-15 16:39:46,此时此刻想起范伟本山的小品,0,0
Dicapriororo,保密,2021-11-15 16:33:56,我知道新疆棉质量好，但是也得做好品牌啊，我想买都不知道买什么,0,0
有书一起读,女,2021-11-15 16:22:29,建议情人节送新疆棉，纯洁而又温暖，不会凋谢！,0,0
有书一起读,女,2021-11-15 16:21:19,这挺好！,0,0
瓜尔儿,保密,2021-11-15 16:14:51,少废话，链接甩上来,0,0
一个人的午饭,保密,2021-11-15 15:21:56,新疆棉花真的好好啊，做的棉被超暖和的,0,0
黄金古树,保密,2021-11-15 12:13:47,哇，男女老少都有～,0,0
坷垃煮酒,男,2021-11-15 11:37:34,朝公知的狗脸上狠狠扇了一巴掌,0,0
露易丝狗蛋儿,女,2021-11-15 10:54:05,创意非常好[打call],0,0
初桜ミク,女,2021-11-15 09:33:01,女子！,0,0
幻月游云,男,2021-11-15 09:10:07,有什么国产品牌用的新疆棉啊，想去支持一波,0,0
s1690,保密,2021-11-15 08:21:19,全世界最大的T台,0,0
饮水愁客,男,2021-11-15 06:41:26,火辣辣滴爱，火辣辣滴情，火辣辣的小辣椒透着心里红，本山大叔十几年前就预示到这一幕了,0,0
Alex-lin,男,2021-11-15 03:40:30,惹有几个配色好像美剧里面的医生[笑哭],0,0
黑风琴_嘿嘿,保密,2021-11-15 01:13:31,衣服好不好看我不敢说，但是这场地是真的好看,0,0
小公子羽,保密,2021-11-15 00:14:03,垃圾品牌不配用！,0,0
吃瓜子的番薯小白,保密,2021-11-15 00:13:32,创意满分啊,0,0
SummerMorningsun,保密,2021-11-14 19:45:22,美,0,0
senlide,保密,2021-11-14 19:44:37,霓裳花[doge][doge][doge],0,0
壬寅十五,保密,2021-11-14 19:34:08,那个汉服小姐姐好漂亮[喜欢],0,0
芯如不氧化,女,2021-11-14 18:37:34,有创意~,0,0
行走在泥坑里的二哈,男,2021-11-14 17:54:24,之前买了新疆棉的被子,0,0
哈哈看着欢乐,保密,2021-11-14 17:49:23,我就是觉得有点冷,0,0
清风自来花自开,保密,2021-11-14 16:56:11,推一下国产品牌,0,0
木鱼飞鱼秋刀鱼,男,2021-11-14 16:52:58,这个可以有！！,0,0
李冬宝79,男,2021-11-14 16:35:38,这尼玛不吊打西方什么什么服装发布会～,0,0
摸鱼的阿木木,女,2021-11-14 16:24:50,所以是什么品牌,0,0
账号已注销,保密,2021-11-14 16:22:45,反正说谎话的人说谎话的团体就该下地狱👎👎👎,0,0
账号已注销,保密,2021-11-14 16:18:25,💪💪💪,0,0
bili_42039261,保密,2021-11-14 16:10:05,黑人真的问号[doge],0,0
乔乔GoGoGo,保密,2021-11-14 15:15:14,平时买的最多的就是优衣库，同价位下质量真的不错，关键门店多选择方便，但是自从新疆棉事件一次优衣库也没有买过，上次出门旅行前着急买俩件T恤，有点心动优衣库毕竟才99，但是真的过不去心里的槛，宁可高价买了李宁，所以我真的不能理解那些照常买阿迪耐克优衣库的，心里不别扭吗？,0,2
小白很腹黑,女,2021-11-14 15:11:00,所以李宁为啥找xz代言?古力娜扎佟丽娅迪丽热巴随便一个当代言人都不错,0,0
天空CHN,保密,2021-11-14 15:08:27,拍摄手法再高大尚点就好了,0,0
IfYouSayTheWorld,男,2021-11-14 14:01:29,BBC:中国人破坏棉田……[doge],0,0
账号已注销,保密,2021-11-14 12:54:26,应该再找几个黑人，完美[滑稽][滑稽][滑稽],0,0
动物世界发言人,保密,2021-11-14 12:48:47,哇塞！[星星眼],0,0
Phineas大飞鸽,保密,2021-11-14 12:21:05,BBC:被逼成这样！旁边还那么多人看守！[滑稽][尴尬][doge],0,0
秦艽し,保密,2021-11-14 11:05:34,[星星眼][打call][打call][打call],0,0
冰心尽是真真爱,保密,2021-11-14 09:38:23,不协调，哈哈，油光粉面白白净净，与旁边的人形成强烈反差,0,0
冰钩钩果汁,女,2021-11-14 08:48:17,HM质量本来就很差,0,0
小熊叕摊手,男,2021-11-14 07:39:05,"就不能专业一点吗？
眼睛这么大能当模特？
审美能不能向国际看齐啊？
[doge]",0,0
Jeaspye,保密,2021-11-14 03:43:53,所以棉花价格明年也会高吗  好让我们棉农再挣点钱[墨镜],0,1
lindorx,男,2021-11-14 00:40:58,还是希望能增加一些影响力,0,0
易经中医,保密,2021-11-13 21:18:21,我第一眼感觉像p的[辣眼睛],0,0
萧瑟平生,保密,2021-11-13 20:55:00,这个太棒了！,0,0
木头哥哥的小哪咤,女,2021-11-13 18:55:20,我看中了好几件！绝美啊！可惜不晓得买不买得起[笑哭],0,0
外星旅行玩家小明,保密,2021-11-13 18:35:36,[脱单doge]新疆棉被之类的用品也很好嗷！,0,0
好大一只蛙蛙,女,2021-11-13 18:18:50,棉花挺好看的，衣服嘛……,0,0
我来yeee,保密,2021-11-13 18:12:12,好棒[打call][打call],0,0
Savitar_泠淵,男,2021-11-13 18:07:19,"[doge]那个什么清什么美院，tcl
[妙啊]这棉花地里，这才是show",0,0
十八子先生,保密,2021-11-13 16:40:05,清华美院的过来看看，不是你们那些眯眯眼才能体现美的,0,0
翩翩者鵻,保密,2021-11-13 15:59:44,全棉发布会,0,0
斑爷就是辣么拽,男,2021-11-13 15:59:21,不一样有人软骨头,0,0
迈掂哭爸,保密,2021-11-13 15:46:21,新疆羊肉串，坚哥:[支持],0,0
好想吃板面乊,男,2021-11-13 15:10:26,这么好的棉花地，不在里边吃西瓜真的浪费了[吃瓜],0,0
是王富贵呢,男,2021-11-13 14:59:53,很敬业，那么冷还这样穿，多来点[doge],0,0
奇森晚,保密,2021-11-13 14:54:19,新疆是个好地方，如果国产品牌能自用就更好了,0,0
12鼻鼻,保密,2021-11-13 14:08:10,@腊味煲仔饭D,0,0
英雄王archer,保密,2021-11-13 13:22:26,应该发到油管上去，就是叫它们难受!,0,0
云影孤鸿,保密,2021-11-13 12:52:26,哇[打call][打call][打call],0,0
小天使つなよし,保密,2021-11-13 12:28:39,今年双十一，我买的鞋子吃的各种都是国货！,0,0
月隐西楼月,保密,2021-11-13 12:27:13,爱你呦,0,0
阿橘e,保密,2021-11-13 12:09:29,帅,0,0
摆烂baila,保密,2021-11-13 11:15:34,这个品牌的衣服看起来就很舒适得体大方，有几套还加入了传统元素，真的很棒了，另外这个场景好加分，棉田好好看好梦幻啊,0,0
NY0612,保密,2021-11-13 10:52:35,美国黑人表示很淦[doge],0,0
另类清新,男,2021-11-13 09:03:40,这样太好了[支持],0,0
三仙纸离,保密,2021-11-13 08:59:19,杀人诛心啊[doge]，赞,0,0
账号已注销,保密,2021-11-13 07:59:00,俺们山东泰安也种棉花！,0,0
账号已注销,保密,2021-11-13 07:59:11,强势宣传一波,0,0
账号已注销,保密,2021-11-13 07:53:54,666,0,0
账号已注销,保密,2021-11-13 07:53:40,溜啊,0,0
账号已注销,保密,2021-11-13 07:53:32,牛B,0,0
北纬丶63度,男,2021-11-13 01:59:57,好看，感觉可以再隆重点，地毯铺上，机位再多点。,0,0
爱画画的百香果,保密,2021-11-12 23:38:29,从小到大全身上下都是国货，手机也是华为,0,0
龙之追随者,男,2021-11-12 23:27:24,走秀与作秀,0,0
安东氏,保密,2021-11-12 23:00:57,仙人怎么没去,0,0
Crazy卍Lee,保密,2021-11-12 22:46:49,你们想气死老美。,0,0
Samuel石,男,2021-11-12 22:38:58,希望看看类似的高质量田野走秀。,0,0
bili_1262028,男,2021-11-12 22:28:20,酷,0,0
阿门！,男,2021-11-12 21:24:44,直接点 上个我买得起链接 让我好过个冬谢谢[藏狐],0,0
闻稻香的蜗牛,保密,2021-11-12 21:12:38,上个淘宝店吧！衣服、床单啥的都想要,0,0
bili_168688,男,2021-11-12 21:05:35,清华大学出来挨打@清华大学,0,0
烈影LY,男,2021-11-12 20:50:17,棉田走秀怎么没安排两个非洲裔…乳美妥妥的。。非洲裔在他们那边只能摘棉花，在这边不但不用摘，甚至还可以穿着来走秀。。,0,0
卜力米提,保密,2021-11-12 20:37:27,清华的眯眯眼进来看看,0,0
没事就溜把亚索,保密,2021-11-12 20:18:32,为什么不吃西瓜[生气],0,0
spt越野少年,男,2021-11-12 20:06:37,酷，棉之[热词系列_秀],0,0
有口吗_刚来,保密,2021-11-12 19:37:19,欢迎收看白棉花模特队,0,0
画遇の墨仙,男,2021-11-12 18:59:15,冻死了我颠[囧],0,0
脚盆鸡的爷爷,保密,2021-11-12 17:50:19,当地直接找模特[呲牙],0,0
bili_82519129118,保密,2021-11-12 17:37:24,那么在哪里有得买呢,0,0
嗑莲花的玄明,女,2021-11-12 17:05:31,新疆棉有什么靠谱的店嘛？真的很想去支持一波,0,0
没有昵称靠靠,保密,2021-11-12 15:31:40,中国人穿汉服真的好有感觉，比现在的这些时装都有韵味太多了！,0,0
吃喝玩乐hdkdn,男,2021-11-12 15:26:50,哈哈哈哈哈[笑哭]坚叔，一个野生的新疆宣传大使,0,0
一个不被王认可的男人,保密,2021-11-12 15:22:20,建议：加入少民服饰...,0,0
-lOOKAWASAK-,保密,2021-11-12 14:16:52,赞~,0,0
勇气君,男,2021-11-12 14:18:10,你们爱要不要[吃瓜],0,0
杀生丸的貂,保密,2021-11-12 13:22:18,太美了！,0,0
joy12345678901,保密,2021-11-12 12:55:32,整挺好…,0,0
不许加班桑,男,2021-11-12 12:48:15,像这样的秀台可以多来几个,0,0
远山怀,保密,2021-11-12 12:37:54,在棉花地里好和谐啊！看着好舒适,0,0
deleteXx,保密,2021-11-12 12:28:16,有创意,0,0
重新作仁,保密,2021-11-12 12:05:09,平时就爱穿安踏，361的鞋，耐克，阿迪就没怎么在考虑范围过，经历这次事后，更不会再买了。,0,0
o尘小土o,男,2021-11-12 11:53:55,@清华大学美术学院 来瞧瞧,0,0
机智龍小弟,保密,2021-11-12 11:29:50,太美了,0,0
黑花花华,保密,2021-11-12 10:12:08,哪个品牌啊，快点说品牌啊。,0,0
Jacob2014,保密,2021-11-12 09:40:02,不禁想到：美英势力污蔑多少，我们就揭露真相+积极反抗的双倍行动，直到我们在此前未曾注意的世界棉花定价完全主动的那一天[狗子]，那真叫一个顺势而为的好目标，赞[支持],0,0
我嗷嗷猛,女,2021-11-12 09:39:36,"我买了袜子，穿一天起球了？（我一天都是坐着的）
我去问卖家咋回事，卖家说我们这是澳洲棉，不会轻易起球
？？？我看标题新疆棉买的[保卫萝卜_哭哭]
问卖家怎么不是新疆棉，他回了一个嗯嗯[捂脸]
购物需谨慎，小心标题党",0,0
美人儿谁不爱啊,保密,2021-11-12 09:37:13,哈哈哈哈哈，弹幕都是BBC主笔吧[喜极而泣],0,0
无聊和傻瓜,保密,2021-11-12 09:31:47,好哎好哎,0,0
bili_10216362047,保密,2021-11-12 00:28:17,煞笔,0,0
浮梁客,保密,2021-11-11 23:15:48,还可以这样！已大自然为背景,0,0
花辞树-------------,保密,2021-11-11 20:05:27,拉动一下新疆经济吧，物价蹭蹭蹭的往上涨,0,0
山猹饼肛,保密,2021-11-11 20:02:40,怎么说，接地气，优雅不刺激眼熟,0,0
691244833,保密,2021-11-11 19:27:55,这创意真心不错,0,0
纪年qawsed,保密,2021-11-11 18:47:41,期待每年都搞一场,0,0
山野赴律,男,2021-11-11 16:23:20,能不能好好拍？这是用座机拍的吗？浪费好看的场景[doge],0,0
好眼训丫瞓唔著,女,2021-11-11 12:38:43,哇哦，帅哥贴贴[羞羞][羞羞],0,0
乓乓tada,保密,2021-11-11 12:06:40,这个真的可以 好棒的创意,0,0
希达戈,男,2021-11-11 11:06:19,哎呦！不错不错！,0,0
是谁_在敲打你跌的窗,女,2021-11-11 11:06:47,感觉很不错呢,0,0
滦境钐,保密,2021-11-10 20:44:07,衣服实用,0,0
新木优九,女,2021-11-09 23:04:15,想法很好，但是服装和模特有很大提升空间[藏狐],0,0
榴莲奶油尖,保密,2021-11-09 12:03:31,衣服看起来穿着很舒服的样子，好看，舒适,0,0
我是小旭qq,保密,2021-11-09 08:59:54,很特别很美很有创意！[支持][打call],0,0
天官赐妇,女,2021-11-09 08:06:47,有创意！[点赞][星星眼],0,0
蚂蚁游太平洋,保密,2021-11-09 00:03:03,酷,0,0
账号已注销,保密,2021-11-08 23:14:32,这活整的6，想了解新疆长绒棉身世的可以去看《国家记忆之屯垦天山系列》,0,0
清泉-_-_,男,2021-11-08 18:14:56,有没有优衣库的平替品牌,0,0
大韩民国特种兵,保密,2021-11-08 14:01:23,整个黑人棉田走秀，秀场免费提供西瓜，BBC直接高潮[滑稽],0,0
饭饭是只鱼,女,2021-11-08 10:51:22,哇塞[打call],0,0
soheeanton,保密,2021-11-08 10:50:08,我觉得好酷哦[鼓掌],0,0
你不必了解我651,保密,2021-11-07 21:33:39,很有创意啊,0,0
吾则汝汝则吾,保密,2021-11-07 21:10:09,秀儿,0,0
他等她等,保密,2021-11-07 19:15:09,喔噢，太牛了，不错不错，有力反击！,0,0
鸭腿饭才是正道,男,2021-11-07 19:08:32,就是好看[大笑],0,0
愛學習的醫學生,男,2021-11-07 15:34:01,你还真别说，这个场景相当可以,0,0
DinjjazZ,男,2021-11-07 11:24:10,时尚,0,0
爱吃腰子补补,男,2021-11-07 01:31:30,打脸bbc.bbc给爷跪，,0,0
谁不想睡个好觉呢,保密,2021-11-07 00:41:38,这个主题好棒！,0,0
随人上进,男,2021-11-06 23:36:50,今天中午吃了新疆大盘鸡，真的好吃,0,0
潮州饶平彭于晏,保密,2021-11-06 23:37:42,值两个币,0,0
这辈子就想当腐男,女,2021-11-06 20:59:54,哈哈哈哈哈哈哈 我笑死！来bbc 看看什么叫阳间,0,0
皮卡皮卡丘啊啊啊啊啊哟,保密,2021-11-06 20:09:21,除了白大褂和手术衣别的都挺好[笑哭],0,0
我要做正義的夥伴,男,2021-11-06 17:02:38,虽然我没种过棉花，但是我感觉这棉花看起来很好。,0,0
老五就是我啊,保密,2021-11-06 16:17:46,就是帅！新疆棉花就是好,0,0
浮舟2008,保密,2021-11-06 16:14:29,最好的T台,0,0
幻響fantasy,男,2021-11-06 12:15:50,我要去油管看看评论[脱单doge],0,0
遇见圆,保密,2021-11-06 11:32:32,创意绝👍新疆棉更绝👍,0,0
幽默凌凌漆007,保密,2021-11-06 11:10:23,建议来流水线走一趟。,0,0
超橙红,保密,2021-11-06 08:59:57,绝了,0,0
啥啥啥你说啥不能用,保密,2021-11-06 08:14:27,这个歌可以,0,0
沐屿橙枫,保密,2021-11-06 04:35:05,好！,0,0
小齐家煎饼果子,女,2021-11-06 01:18:30,这创意太棒了,0,0
JINXri祭,男,2021-11-05 22:50:26,太棒了[鼓掌][鼓掌][鼓掌],0,0
次遥歌,保密,2021-11-05 21:52:34,优秀！！！,0,0
夜猫先生Z,保密,2021-11-05 21:40:20,视频很不错，立意很高，所以小姐姐我可以抱走吗[脱单doge][脱单doge],0,0
那你喝水了吗,女,2021-11-05 20:37:24,感觉比较和一些有特点的传统民族服饰很搭[来古-震撼],0,0
如今的那天,男,2021-11-05 20:15:56,可以发到外网,0,0
---念净心,保密,2021-11-05 19:37:06,青华霉苑出来挨打,0,0
海岛浮沉,保密,2021-11-05 16:33:31,这就是大美新疆一大特色。必须挺！为疆团团点赞！,0,0
奶油泡芙安安,保密,2021-11-05 15:08:57,太棒了,0,0
君看一叶舟123,保密,2021-11-05 14:26:52,那……不懂就问，我买的起吗？,0,0
给爱情放个假,男,2021-11-05 13:44:56,未曾设想过的道路！,0,0
织一场夢_,保密,2021-11-05 13:38:06,BGM:Give you up,0,0
激丨流,男,2021-11-05 11:53:27,清华美院八百年做不出这样的走秀,0,0
没有昵称fox,女,2021-11-05 09:39:13,国外的傻子们，没有我们新疆棉，他们的衣服，穿着肯定不舒服。谁别扭谁知道。搭理他们。,0,0
勒布朗者慕斯,男,2021-11-05 09:18:55,然而云南团团和云南同志们还在艰难抗疫。。。,0,0
唐牛才是食神z,男,2021-11-05 05:37:03,阿迪系列不是找了个新代言人么，棉花事件过了就来这一出,0,0
MAX子凡,保密,2021-11-05 01:35:22,上哪买去 我要来几套新疆棉体恤[给心心],0,0
青丝红尘九千丈,保密,2021-11-04 23:37:10,冬天保暖袜子是新疆棉 被子是新疆棉  你看我骄傲了吗[OK][OK],0,0
好世间,女,2021-11-04 23:10:04,还挺浪漫,0,0
皮哈皮哟,男,2021-11-04 22:19:29,某克一两百一个的蝴蝶结还是照样大把大把的人买[嗑瓜子]有些人就是嘴上说的好，真到买的时候还不是看那个标标啊[大哭],0,0
年复一日,保密,2021-11-04 20:37:47,这是艺术！艺术！！！,0,0
我真的是天才呢,保密,2021-11-04 19:33:49,还有个新疆演员签抵制新疆棉的品牌来着，我忘了是谁了,0,0
爱新觉罗舜,男,2021-11-04 19:20:05,必须点赞👍,0,0
ash-creature,保密,2021-11-04 18:39:12,雀食蟀[微笑],0,0
蜘蛛ぃ,保密,2021-11-04 17:53:30,太棒了,0,0
Mrs_LJ,保密,2021-11-04 17:49:45,棉田好漂亮啊[打call],0,0
中肯视线,保密,2021-11-04 16:02:06,只有模特尴尬的世界[滑稽],0,0
木木大日斤,保密,2021-11-04 13:51:31,能不能放好一点的片子啊，走秀能不能叫人拍好一点啊，经费这么少的嘛,0,0
贼贼号,保密,2021-11-04 13:18:39,这个好看啊！！[星星眼],0,0
自行_脑补,男,2021-11-04 13:00:59,这个点子确实不错，其实一边劳作一边走秀，更有说服力,0,0
航行的锅,保密,2021-11-04 12:58:35,穿着新疆棉，走在新疆田，说着新疆话，赞叹新疆美。,0,0
诶嘿嘿印羽呀,保密,2021-11-04 11:36:06,绝绝子啊，，，太好看了吧,0,0
littlesnaka,保密,2021-11-04 11:16:33,模特也挺不容易，大冷天穿这么薄[笑哭],0,0
鼻梨鼻梨0-0,保密,2021-11-04 10:48:49,@清华大学,0,0
贾法尔love妮诺,女,2021-11-04 08:22:09,棉花也是花🌸呀,0,0
睡不够的觉,女,2021-11-04 07:34:33,啥牌子,0,0
没有一只豹子不性感,保密,2021-11-04 06:57:41,最后举着红色横幅合影哈哈哈哈哈哈哈哈，我找到了熟悉的感觉[星星眼][星星眼],0,0
一颗坚果DAYTOY,保密,2021-11-04 05:22:01,这棉花地太漂亮了。,0,0
鱼宝宝的幸福生活,女,2021-11-04 00:40:00,好着呢[鼓掌][鼓掌][鼓掌],0,0
iajej,保密,2021-11-03 22:03:50,有人只看到何同学，却看不到大猛子,0,0
论干饭的艺术,男,2021-11-03 21:45:21,光鲜亮丽的看着只显得格格不入[无语],0,0
酱肉肘子_Y,男,2021-11-03 20:20:15,这不比清华好看？,0,0
月见桑的乙女世界,保密,2021-11-03 20:15:01,真不懂事，还不快放衣服的链接[妙啊],0,0
Pyreneess,男,2021-11-03 20:07:43,@清华大学,0,0
十二月的小品,保密,2021-11-03 19:02:07,让大清美院来看看[藏狐]@清华大学,0,0
滤镜记录,保密,2021-11-03 18:59:53,终于看到一个正常的时装,0,0
天生无节操-_-,保密,2021-11-03 18:57:18,想问一下，新疆的娃都是男俊女美吗，身量高挑吗？,0,0
长长叔,保密,2021-11-03 18:42:28,全世界应该没有比新疆棉花好的了 新疆土地种啥都不错 我吃着都挺甜不知道这棉花是不是棉花糖哈哈,0,0
JH199903,保密,2021-11-03 18:40:03,劳动者也可以走秀！,0,0
淘宝龙鸣,男,2021-11-03 17:34:06,奶奶的，看到这些“眯眯眼”差点开喷，原来只是因为太阳大🌞[doge],0,0
辛巴彭彭与满满,保密,2021-11-03 17:15:24,这个有意思,0,0
叶熏YY,女,2021-11-03 16:57:27,哈哈！笑死我啦！！啥叫赤裸裸的表白！这就是,0,0
落木生,男,2021-11-03 14:48:14,纯棉容易掉色，不过穿着真舒服！,0,0
禄途鞋业-呼布其-弦,男,2021-11-03 13:55:01,品牌这种东西不是原地起飞，更多是常年经营积累的口碑经验什么的，国内还是有做高端的只是没到那个程度而已。,0,0
美味螺丝钉,保密,2021-11-03 13:31:41,前一段时间刚刷过在麦田走秀[微笑],0,0
老橘头抱着小橘头,男,2021-11-03 12:07:00,没看懂，一边是劳动者，一边是臭美的？,0,0
璐子元,保密,2021-11-03 11:41:52,这个举办场地好棒啊，谁想出来的。,0,0
星光渐熄的旗帜,保密,2021-11-03 10:51:34,这才是有意义的时装秀,0,0
红色寒号鸟,保密,2021-11-03 10:02:43,种植、收获的时候，360度无死角，全球直播呀。,0,0
只是一碗汤,女,2021-11-03 07:32:14,这个好！！！！棉花花们冲吖！！！,0,0
干翻美国,男,2021-11-03 07:19:26,这么高雅的东西是我不付费能看的嘛！[大笑][热词系列_吹爆][热词系列_吹爆],0,0
沙雕人类研究协会会长,男,2021-11-03 05:58:30,"整个片子全看完了，心里有很大触动，迸发出无数的热情，让我有一种感觉一定要做点什么的激情!

于是，我在床上翻了个身

然后发现充电器太短又翻回来了[doge]",0,0
墨语沉香,男,2021-11-03 00:57:00,以后走秀直接把链接放出来好吗,0,0
别碰我CD机--,保密,2021-11-03 00:26:36,[支持][支持][支持],0,0
WXcp1314,保密,2021-11-03 00:08:17,走秀的都是专业模特吗？,0,0
西城男人,女,2021-11-02 23:52:45,害怕嗮，以前没有防嗮霜那不过的蹦贼～蹦舒服～,0,0
全新疆最丑的小姐姐,女,2021-11-02 23:42:25,为我家乡代言,0,0
清零yi991,男,2021-11-02 22:50:37,"新疆的棉花质量是真好，我买了几回新疆长绒棉。那个长啊，那个xuan头儿啊，那个软啊，那个白啊！
那个小新啊，xuan怎么写啊？[doge]",0,0
yuyuarpels,保密,2021-11-02 22:45:24,新疆棉优秀[脱单doge],0,0
暮云稠丶逐轻鸥,男,2021-11-02 22:15:10,就是这个味儿哈哈[给心心][打call][给心心][打call][妙啊][doge][狗子][打call],0,0
随遇的奇遇,保密,2021-11-02 22:12:51,优秀！！！！,0,0
埖火火,保密,2021-11-02 21:41:48,想想某些品牌在室内造景，看看我们，直接铺条路就是现成的景,0,0
吐司bunny,女,2021-11-02 21:36:58,文化输出！,0,0
我不大理解,保密,2021-11-02 21:25:44,一眼望过去像是刚下过一场雪，看着真舒服啊,0,0
九章·怀沙,男,2021-11-02 20:24:21,就是没有胖子，这不好,0,0
子非鱼研习社,男,2021-11-02 20:03:02,牛，这创意绝绝子，关注了[狗子][狗子],0,0
建水心理健康主任,男,2021-11-02 19:50:16,应该配抽打鞭子的声音。,0,0
Bili_23489048,保密,2021-11-02 18:00:43,美美的,0,0
绳之以路灯,保密,2021-11-02 16:00:31,谁还记得 红高粱模特队,0,0
绳之以路灯,保密,2021-11-02 15:59:49,失陪了范老师我得去造型,0,0
分离出太阳系的中心,保密,2021-11-02 15:34:36,好像在花海里一样 梦幻与现实的交融,0,0
将军寒夜梦引弓,保密,2021-11-02 15:26:45,应该找西方白人当模特走秀。,0,0
崂山啤酒007,保密,2021-11-02 13:54:45,这个创意不错啊,0,0
还会好许多,男,2021-11-02 13:17:16,赞！,0,0
两山呀,男,2021-11-02 13:14:17,高档,0,0
落月sama_,男,2021-11-02 11:03:32,"有一说一，新疆棉真的暖和
（某位开学被偷了被子的网友）",0,0
Amuro_Kazuhiko,男,2021-11-02 10:45:22,看到拍摄的摇臂了，这不是有专业团队吗？怎么把业余的视频放出来不放专业团队的片？官媒要有官媒的Big啊[思考],0,0
你喜欢MIC吗,保密,2021-11-02 03:47:13,[支持][打call][爱心],0,0
天地一辅,保密,2021-11-02 02:11:57,汉服不错哦，给个链接我去看看,0,0
沿流,保密,2021-11-02 00:53:23,秀景好看有创意 衣服设计达咩达咩❌❌❌,0,0
糖醋啤酒瓶,保密,2021-11-02 00:19:46,三连送上我仅有的支持,0,0
比头像还要重要的昵称,保密,2021-11-02 00:16:44,哇哦,0,0
西霜99,保密,2021-11-01 22:05:03,这个创意真好。,0,0
池中一尾锦鲤,女,2021-11-01 20:21:40,好酷！,0,0
左牵锡悦右岸田,男,2021-11-01 18:41:43,美国也有特别的棉花哦，人家的棉花是有血的。,0,0
桃子是小仙女呀,保密,2021-11-01 17:44:16,高级感十足！！必须[热词系列_三连]安排,0,0
Fusunever,保密,2021-11-01 16:37:27,赣州的HM玻璃上用血红的字划了款待自己理所当然，好像一个无所事事物质享受的人写照,0,0
看见我就骂我滚去学习,保密,2021-11-01 16:34:19,清美丽出来挨打了啊哈哈哈,0,0
修想跑,保密,2021-11-01 14:54:56,这是哪个牌子？正好双十一,0,0
来世会有来世么,女,2021-11-01 12:23:13,在棉花地里走，看着好舒服啊,0,0
菜头炖牛肉啊,男,2021-11-01 11:53:24,疆疆，可以请我吃馕配大盘鸡吗，[doge],0,0
娜娜喵_,保密,2021-11-01 11:32:54,那件白色一字领哪里可以买！走进了我的心里嗷！,0,0
伏小流,保密,2021-11-01 11:00:02,我第一次在T台上见到能直接穿出门的衣服[笑哭]，顺眼多了,0,0
伍仁月饼没有馅,保密,2021-11-01 09:57:10,个人意见[doge]穿齐胸汉服的小妹妹步伐能翩翩而来就好了 穿汉服阿姨挺潇洒 因为圆领袍给人的感觉和齐胸不一样 走快步还是更像时尚走秀 没有汉服走秀的美感[doge]个人意见[doge]请勿喷 看了太多国风汉服秀视频的一点高要求 想要更好而已[doge]里面的妆造舞蹈动作的设计都超棒的[doge]最后棉花地的创意啪啪打脸啊 干得漂亮,0,0
B站非唯一平台,女,2021-11-01 07:48:07,棉户：拍都拍完了，来开始摘棉花吧。说好过来帮忙的。抗摄影机那小子别跑！[Cat_fight],0,0
郝运来L,男,2021-11-01 00:54:26,国家站起来了，人民才会真正站起来。 我为国家的强盛而感到自豪,0,0
彼岸夜紫,女,2021-11-01 00:08:29,好看吗？好看就是好棉花，以后还会越来越好，低端品牌用不起当然会嫉妒抹黑了。没事你说你的，连好棉花都没有的品牌我怕穿出过敏来,0,1
沃蛾子,男,2021-10-31 23:36:57,那么哪里可以买到呢？,0,0
厚实奥,男,2021-10-31 23:00:45,耐克骂骂咧咧的退出了直播间[妙啊],0,0
从未相离,保密,2021-10-31 23:00:24,一望无垠的田地是很美很美的——,0,0
水星记啊啊啊啊,男,2021-10-31 22:47:19,漂亮[脱单doge],0,0
山水天一,男,2021-10-31 22:00:00,羽中漫步,0,0
裤子打人事件丷,保密,2021-10-31 21:26:20,漾的像白云一样[鼓掌],0,0
裤子打人事件丷,保密,2021-10-31 21:25:21,漾的像白云一样,0,0
昵称什么的又重了,女,2021-10-31 21:14:36,想要0：22的蓝色裙子，有链接吗,0,0
pyckuukalikali,保密,2021-10-31 20:59:03,一个小建议哈，如果要发到外网，还是得换个bgm，主要台湾省那边的“文化产业”老用这个bgm。,0,0
二狗二狗是二狗,保密,2021-10-31 20:37:30,那么在那里才可以买到这些衣服呢？[微笑][微笑][微笑],0,0
吻别过去,男,2021-10-31 19:31:54,"之前跑出来发声抵制新疆棉花的，有50%都根本用不起这种高档材料。
就像不少人吃不起，说是吃了发病一样。",0,0
玩偶巫师,男,2021-10-31 19:08:20,好看，国人审美一直可以的,0,0
神奇的彩虹小马i,男,2021-10-31 17:20:39,找几个专业一点的模特会比较好吧,0,0
两眼放光ss,保密,2021-10-31 16:50:28,为啥棉花能做出丝绸的感觉,0,0
两眼放光ss,保密,2021-10-31 16:49:57,棉花真的很高级 贵啊,0,0
bili_91275701532,保密,2021-10-31 16:48:44,这创意，咋这么棒呢,0,0
喵喵兮予怀-,保密,2021-10-31 14:42:13,链接！！！,0,0
我系大鲵吖,保密,2021-10-31 14:27:53,不错,0,0
是晃晃悠悠啊,女,2021-10-31 14:04:54,看着好冷啊。,0,0
起名费钱,保密,2021-10-31 13:54:58,第一次看到这么正常的秀,0,0
57644203398_bili,保密,2021-10-31 13:36:49,棉花好漂亮啊,0,0
梦梅恋仙_,男,2021-10-31 12:58:34,确实好看,0,0
为国漫飞升而战,女,2021-10-31 12:46:51,创意好棒,0,0
红枣枸杞两片姜,保密,2021-10-31 12:46:05,太棒了吧，想在现场看[星星眼][星星眼],0,0
道友逗号请留步,保密,2021-10-31 12:30:05,从群众中来，到群众中去。,0,0
是蒋蒋酱鸭,女,2021-10-31 12:09:17,新疆棉的被子真的超软,0,0
同福同难客栈,男,2021-10-31 11:19:51,这事没有回旋余地了吗？？？,0,1
以观奇妙,保密,2021-10-31 10:12:38,雪花一样的白棉花,0,0
归云谁寄,保密,2021-10-31 06:30:22,牤牛屯红高粱模特队成真了[doge],0,0
我有豪情负三千,保密,2021-10-31 02:40:22,在一片棉花里面露腿看得好冷啊，想穿棉服了,0,0
哦五天噢耶,保密,2021-10-31 02:31:12,可以有@美国国家地理_NatGeo,0,0
会唱歌的maomi,保密,2021-10-31 02:34:40,这操作！牛,0,0
只想发癫,保密,2021-10-31 02:17:59,是普通人感觉得到的时尚,0,0
人烟之后,保密,2021-10-30 23:51:12,为家乡点赞（｡ò ∀ ó｡）,0,0
北厨,男,2021-10-30 23:26:52,哈哈哈哈,0,0
小殷要做发量王者,保密,2021-10-30 22:50:33,新疆棉事件后就没买过那些品牌的了,0,0
Snowden984xn,男,2021-10-30 21:56:05,"如果要符合美国人的zzzq,应该得有黑人模特[吃瓜]",0,0
雨漫沉浮,保密,2021-10-30 19:56:52,好看[脱单doge],0,0
沙滩上的皮皮虾,保密,2021-10-30 19:47:04,我只想知道 他们不冷吗？,0,0
homer904,保密,2021-10-30 19:32:51,耐克滚粗克！,0,0
宅下Sama,保密,2021-10-30 18:52:01,我只想说 用我的地搭建T台给钱了吗,0,0
sunjia326,保密,2021-10-30 18:50:14,这么大事情，宣传呢？,0,1
稳如泰山8866,保密,2021-10-30 18:35:50,好看,0,0
赤玄之路,保密,2021-10-30 18:26:34,棉花田真好看,0,0
嘿SUGER,保密,2021-10-30 18:07:57,这可以氛围到位,0,0
左手张学友,保密,2021-10-30 17:44:50,"南极人
百分百新疆棉[OK]",0,0
要快快成长啊,女,2021-10-30 17:17:28,这个形式很好啊,0,0
鱼渊木,保密,2021-10-30 16:10:53,干得漂亮！,0,0
-J-F-,保密,2021-10-30 15:47:37,真的强烈推荐新疆棉，我来浙江上学不用床垫羽绒被，还用的是新疆棉打的被子褥子，真的很舒服[脱单doge][脱单doge][脱单doge],0,0
珊瑚宫入幕之宾,男,2021-10-30 15:42:48,给推荐个牌子啊哥,0,0
Ad-min-strator,男,2021-10-30 15:28:01,策划加鸡腿啊！,0,0
风萧萧兮若兮,保密,2021-10-30 15:06:43,捞下自家团子,0,0
你搞清楚自己是谁,保密,2021-10-30 14:47:18,最接地气走[热词系列_秀],0,0
刀乱了-心软了,保密,2021-10-30 14:12:09,台子太矮，棉花太高了，棉花要是挡不了人就完美了,0,1
是个靓女哇,女,2021-10-30 14:05:19,用新疆棉做出来的棉被真的又暖和又舒服！,0,0
ittiap,保密,2021-10-30 13:54:24,哔哔C：阴间滤镜＋报道中国强制劳工观看[doge]百口莫辩了属实是,0,0
诗月落醉英,男,2021-10-30 13:41:27,如果是晚上加灯光更好,0,0
王今知,保密,2021-10-30 13:28:44,好高级的bgm,0,0
逐夜涼,保密,2021-10-30 13:24:17,大棉袄二棉裤劳动保护[doge],0,0
今天不要再摸鱼,保密,2021-10-30 13:19:48,牛！,0,0
不熬夜了才改名,女,2021-10-30 12:40:56,好有创意哦[星星眼],0,0
亏了一枚硬币,男,2021-10-30 12:39:49,请清华美院设计，强强联合,0,0
gongzhu2012,保密,2021-10-30 12:05:05,有创意！,0,0
皛皛行云浮月光,男,2021-10-30 12:05:18,然而新疆人胡明轩[尴尬],0,0
星_天外,保密,2021-10-30 12:01:10,酷,0,0
骑骑车吹吹风唱唱歌,男,2021-10-30 11:19:06,新疆棉果然会带来好运。虾米音乐倒了后我就不记得这首音乐的名字了，一直找不到，求各位大神告知乐曲名[抱拳],0,1
李李ookk,保密,2021-10-30 11:14:40,@清华大学美术学院,0,0
CHUW丶,保密,2021-10-30 09:45:13,家人们，能否推荐一些国产品牌，价格亲民，质量也不错的，简单大方都可以。那些什么森马啥的就不要说了，因为都知道了。[笑哭],0,0
叶杨枫,保密,2021-10-30 09:23:15,时尚时尚,0,0
开森就好啦,保密,2021-10-30 08:45:19,这就是中国美,0,0
whatvc,保密,2021-10-30 08:18:42,感恩,0,0
用爱超度,保密,2021-10-30 08:12:23,某些品牌不但不悔改，还得寸进尺想利用运动员的荣耀来打脸消费者,0,0
沐希琳瑶,保密,2021-10-30 07:52:46,我想知道模特为啥不微笑[笑哭][笑哭][笑哭],0,1
账号已注销,保密,2021-10-30 04:54:11,那个蓝色扎染的旗袍是哪个牌子的好好看,0,0
静谧的拂晓,保密,2021-10-30 03:52:09,真好看！[打call],0,0
梅子味的茶泡饭,女,2021-10-30 01:16:31,支持！[热词系列_排面],0,0
老呜嗷嗷,保密,2021-10-30 01:17:55,实话实说，本平民窟女孩，即使没有出现新疆棉花的事情，也没有买过那些牌子，感觉价格不低但质量不得行。都是地摊上，或者各种小店反复对比才买衣服[捂眼],0,0
易北河猫头鹰,保密,2021-10-30 00:58:32,新疆棉事件后勾和三块砖看都没看了，然后，发现自己钱变多了[doge]，而且感觉鸿星尔克安踏的衣服的价格才是真正衣服的价格，那些虚高的品牌，500的衣服，标儿得值400。,0,0
街砖4,保密,2021-10-30 00:49:14,兔子：你们不带我玩，那我就自己玩。,0,0
析木简,男,2021-10-30 00:35:05,刚买了床被子 水星新疆棉[OK][OK][OK],0,0
蔺宁,保密,2021-10-30 00:25:01,其实我觉得既然服饰风格是我们自己的，台步也可以改一改，让它更匹配我们的服饰,0,0
跌宕起伏-不灭热爱,女,2021-10-30 00:15:17,没必要，真的没必要，干模特真得抗冻。,0,0
bili_56416033768,保密,2021-10-29 23:49:59,我觉得应该本山大叔上，大棉袄嘿二棉裤,0,0
蓝色大海的岛屿,保密,2021-10-29 23:26:42,每年我家乡的农闲妇女都要自己组织去新疆摘棉花，社区领导还要欢送仪式，妇女们都好高兴，辛苦3个月，挣一年的零花钱。,0,0
远山leon,男,2021-10-29 23:02:38,衣服好丑啊，怎么会卖得出去,0,0
chirouren,保密,2021-10-29 22:52:52,好棉花,0,0
不愿透露姓名的愚者,男,2021-10-29 22:45:42,嘿，B站那些讲bci品牌的UP主都出来瞧瞧，这棉花多好啊，可偏偏有人哪怕跪下去舔别人的脚也不肯正眼看看自家的好。[抠鼻][抠鼻],0,0
玉于何旸,女,2021-10-29 22:29:11,挺好的，就是有点晒,0,0
卧槽塔猴,男,2021-10-29 22:27:56,NIKE Adidas HM NB还有人买吗,0,1
Patrick_kluivert,保密,2021-10-29 22:16:33,红高粱模特队,0,0
东方冰郁DFBY,女,2021-10-29 21:51:26,这才是打开新疆棉的正确方式，[打call][打call][打call],0,0
七喜是只小猫喵,男,2021-10-29 21:33:40,模特表示：对，就那个！我走的时候它居然不鼓掌，我非摘了它不可[藏狐],0,0
大爱银色长发,女,2021-10-29 21:24:47,这是一场大自然赋予，人民创造的时尚秀,0,0
凪_兮,男,2021-10-29 21:01:56,新疆棉重磅赤耳原牛～～～只要是玩牛仔的同志们，都知道意味着啥,0,0
兜帽-南河,女,2021-10-29 21:01:36,哈哈哈哈哈哈哈，土潮土潮的,0,0
登登等灯-登等灯,保密,2021-10-29 20:42:59,我想起赵本山的小品《红高粱模特队》,0,0
秃头老阿姨要把书读烂,女,2021-10-29 20:34:42,新疆棉花真的，超赞，我定了十几斤的被子，大冬天给我盖的热出汗，哈哈哈哈。就是物流慢了点，得一个礼拜才到。,0,0
粗茶淡饭白开水,保密,2021-10-29 20:25:14,赞啊！！！,0,0
汝是什么得儿,保密,2021-10-29 19:33:47,新疆长绒棉是世界顶级棉花一般品牌用不起[OK],0,0
1069BDSM,保密,2021-10-29 19:27:06,没内味了,0,0
二点多发发发,保密,2021-10-29 19:14:33,明年办个稻田走秀,0,0
小易还要怎样,女,2021-10-29 18:58:18,好美！是新疆的哪里呀！,0,1
李伯清嘴遁,保密,2021-10-29 18:41:09,热知识：人民币是用新疆棉做的,0,0
悟己往知来者,保密,2021-10-29 18:26:42,自从去年我已经把家里的T恤睡衣床单被套都换成120支新疆棉了，贴身穿十分温柔[支持],0,0
小闺女当家,女,2021-10-29 18:26:21,太有创意了,0,0
bili_39087879396,保密,2021-10-29 18:22:55,哪些品牌呢？,0,0
污感,男,2021-10-29 18:20:37,应该找阿里和京东合作搞这个，让外国人知道，咱们多珍惜新疆，心疼新疆。,0,0
bilibili railgun,男,2021-10-29 18:14:08,这背景挺不错，好看,0,0
貅羳馬,男,2021-10-29 18:09:39,看到新疆的美[星星眼][给心心],0,0
奶牛猫爱吃柠檬,女,2021-10-29 18:07:07,盲猜双十一耐克继续大卖，可能销量不如去年，但是依旧会有人买。,0,0
种花家的贪财兔,保密,2021-10-29 18:04:02,那个接了阿迪代言的新疆人过来看看。好像还是个运动员吧,0,0
编号-DX3906,保密,2021-10-29 17:55:34,自家团子一定要捞一把的[脱单doge][脱单doge],0,0
狮子大耳朵,女,2021-10-29 17:47:34,都是啥品牌啊，想买,0,0
真我三问,保密,2021-10-29 17:37:28,说我们的棉会有问题，你自己的棉花带的血，你都不说呢。,0,0
kaola_kim,保密,2021-10-29 17:33:25,给新疆团团打call[鼓掌],0,0
Riki--,保密,2021-10-29 17:27:20,正好成立一个国资品牌吧，好好运作一定不错的,0,0
踟蹰不觉,保密,2021-10-29 17:18:24,中国男篮给诋毁新疆棉公司代言的那几个人出来挨打！！！[生气][生气][生气]多不要脸呐！！！,0,0
G12yohoo,男,2021-10-29 17:17:48,记得是人民币和军需用的是新疆棉吧？,0,0
醒来明月醉去清风,保密,2021-10-29 17:12:53,自古清北多寂寞，唯一工大留其名[doge],0,0
Xx饮者xX,男,2021-10-29 17:03:51,哇，真的这个场景巨帅,0,0
RiyaSanyal,男,2021-10-29 16:48:52,[爱心],0,0
苍云万里,男,2021-10-29 16:41:52,给那些反动分子一个迎头痛击,0,0
非圣贤之人,男,2021-10-29 16:11:14,额，这种作秀不会影响农场生产吗？,0,0
修仙狂徒忌奶,男,2021-10-29 16:08:25,背光面该放几个补光灯 [doge],0,0
煎饼丿卷大葱,男,2021-10-29 16:00:00,哇，新疆团团,0,0
夜月啸天,保密,2021-10-29 15:50:43,新疆棉和新疆长绒棉，有区别的哦！大家买的时候得区分开。【新疆棉和新疆长绒棉有很大区别的-哔哩哔哩】https://b23.tv/Bx8uiF,0,0
薛定谔不养猫0_0,保密,2021-10-29 15:46:27,这波是怼脸输出啊,0,0
抿嘴一笑很无奈,保密,2021-10-29 15:43:01,不艾特一下胡阿迪？,0,0
黑梦一号,保密,2021-10-29 15:36:34,突然想到了 小范老师,0,0
81779324923_bili,保密,2021-10-29 15:20:30,不比巴黎的香么？,0,0
价值6个币的宝贵昵称,男,2021-10-29 15:03:11,还有汉服耶！,0,0
我是猫谢谢,女,2021-10-29 14:50:53,棉花田还真挺好看的,0,0
古-念寒,保密,2021-10-29 14:50:14,太赞了！我从我仅剩的9个币里抠出来两个送上！之前从智贤姐视频里看新疆和棉花，就觉得这个背景看起来太舒服了！,0,1
账号已注销,保密,2021-10-29 14:45:53,美如画,0,0
归墟封神,保密,2021-10-29 14:26:58,从小到大，去买棉花做棉被时都要问老板是不是新疆棉花，不是新疆棉花都不买。,0,0
神达尔米尔,保密,2021-10-29 14:19:11,？？,0,1
粉色王大锤子,保密,2021-10-29 14:16:12,支持新疆棉！有没有新疆当地棉质类产品推荐一下的？,0,0
已经是一只老兔子了,女,2021-10-29 14:12:06,新疆棉现在都是高端和品质的代名词了，支持国货[OK],0,0
猪大呢,保密,2021-10-29 14:02:01,配国产音乐更合适！,0,0
听风616k,保密,2021-10-29 13:52:09,@胡明轩,0,0
逗bi的你,男,2021-10-29 13:45:57,有点意思哈[打call],0,0
以天书,保密,2021-10-29 13:43:17,像下了雪一样,0,0
none-of-mine,保密,2021-10-29 13:40:56,摄影师扣鸡腿,0,0
名字都这么难这不一定不会重,保密,2021-10-29 13:37:47,优秀[打call][打call][打call][打call][打call][打call][打call][打call],0,0
天生爱玩无所不玩,男,2021-10-29 13:33:22,新疆大舞台，有梦你就来[脱单doge],0,0
必然的偶然,保密,2021-10-29 13:30:34,虾仁，还要猪心[滑稽],0,0
叉烧鸡的egg,保密,2021-10-29 13:28:12,没别的 就是想知道牌子[OK] 好喜欢,0,0
三十的汤圆,保密,2021-10-29 13:23:26,新疆的好东西太多了,0,0
零点贰伍,保密,2021-10-29 13:18:43,那么请问哪里能够买到呢,0,0
R_qiu,保密,2021-10-29 13:15:40,只有植根于土地的才是真正的时尚先锋,0,0
金瓶里的一枝梅,保密,2021-10-29 13:06:28,cuacua cuacua cua cua cua,0,0
善愿与远方,男,2021-10-29 13:06:17,这创意真的绝了！,0,0
今何时,保密,2021-10-29 12:58:42,这个真的是太酷了！,0,0
bili_燕子飞呀飞,女,2021-10-29 12:49:26,我想去新疆做这个推广工作,0,0
bili_燕子飞呀飞,女,2021-10-29 12:46:51,厉害了什么时候搞的，哪个品牌做的，厉害，佩服……[打call][打call][打call],0,0
爱国者棒棒,保密,2021-10-29 12:44:14,新疆应该做一个棉产业集权，做服装，棉织品，等,0,0
喝椰子的石原里美,女,2021-10-29 12:17:20,这是什么品牌呀,0,0
膨松剂moyai,男,2021-10-29 12:10:10,有采购链接不,0,0
EighteenJoan,保密,2021-10-29 12:10:10,yysy，有些模特好像不太专业。期待成片,0,0
LY独孤一派,保密,2021-10-29 12:08:17,还有薰衣草精油，大力推荐[打call],0,0
家有猛兽,保密,2021-10-29 12:01:58,看到他们在没有采的棉花地里动来动去，我就想起小时候跟父母捡棉花到处跑挨的那顿骂[藏狐]（会弄脏棉花，不过现在机采就不存在了）,0,0
最喜欢的花是桂花鸭,保密,2021-10-29 11:54:08,新疆彩棉人民币制作原料之一[吃瓜],0,0
余生不续大会员,男,2021-10-29 11:52:33,我爱国货  我爱国货  我爱国货,0,0
狂爱米修,保密,2021-10-29 11:48:47,支持新疆棉花，不再购买阿迪耐克！,0,0
御坂19223号,保密,2021-10-29 11:47:55,封面我还以为是p的[笑哭],0,0
乖乖oldboy,保密,2021-10-29 11:48:13,气质这一块拿捏的死死的。赞,0,0
国宝级吃瓜大师,男,2021-10-29 11:31:19,我就问问有没有靠谱的新疆棉被店,0,0
最大的县城wuhan,保密,2021-10-29 11:32:00,胡明轩是什么东西大家都知道吗,0,0
偷喝可乐的熊猫,男,2021-10-29 11:25:44,"那么在哪里可以买呢
[嫌弃]",0,0
为蛋崽操碎心的老母亲,保密,2021-10-29 11:24:56,多年过去了，还是觉得棉麻衣服舒服,0,0
布拉德皮特脆,男,2021-10-29 10:46:32,活捉本地团团一个！团团加油！新疆棉加油！,0,0
类人观察者,保密,2021-10-29 10:41:03,这不比某清华美学院时髦？,0,0
空空不羁,保密,2021-10-29 10:33:18,棉花田也很好看啊,0,0
kk年华静好,保密,2021-10-29 10:05:44,在，抽一蛇皮袋棉花[doge],0,0
张牧之yyy,男,2021-10-29 10:01:51,第一次看到新疆共青团[打call][打call][打call],0,0
我比黄花瘦啊,保密,2021-10-29 09:48:47,这,0,0
i阿胖,保密,2021-10-29 09:30:40,汉服可太美了，又是被古人审美折服的一天,0,0
ー直游到海水變藍,女,2021-10-29 09:25:27,奶奶那身好好看,0,0
不吃蛋黄--,保密,2021-10-29 09:23:43,美,0,0
益达熊X,男,2021-10-29 09:13:16,哎嘿 哎嘿 哎嘿哟～,0,0
高栏应犹大是只猪颜改,男,2021-10-29 09:07:44,狗不爱，我们自己人爱还爱不够！,0,0
FREEDOM_EF,保密,2021-10-29 08:59:28,nice[支持],0,0
万里无影独行侠,保密,2021-10-29 08:42:57,民族的，才是世界的，流行的只是一时的！,0,0
楼岛,女,2021-10-29 08:35:39,这些杂碎品牌是挺恶心的，这都玩到政治的氛围上了。,0,0
熔菌煤,男,2021-10-29 08:26:21,咱们搞个独家认证，把他们的认证压下去[doge],0,0
衣恋雪,女,2021-10-29 08:14:11,喜欢绿色那套襦裙，想给姑娘买。,0,0
淋著雨抱著你,男,2021-10-29 07:51:15,这创意多牛啊，以前有红高粱模特队，现在有白棉花模特队！！！,0,0
巴拉巴拉洪洪,保密,2021-10-29 07:32:27,搜，麦田上的南法男孩,0,0
白凤公子李,男,2021-10-29 07:07:27,看不懂的迷惑行为 恕我浅薄,0,0
静勤画斋,保密,2021-10-29 06:43:13,好帅,0,0
重生之我在B站打螺丝,保密,2021-10-29 06:14:39,这创意不错,0,0
Mafdie2,男,2021-10-29 05:45:35,可是为什么要模仿jacquemuse？？,0,0
伍七源,男,2021-10-29 04:12:44,帅,0,0
该吃该喝嘻嘻呼呼哈哈,女,2021-10-29 03:54:32,这么好的户外主题，赞一个[打call],0,0
最福圆喵子,保密,2021-10-29 03:04:42,惭愧，那事儿之后才知道新疆棉那么好，以前只知道买葡萄干树上杏薰衣草蜂蜜玫瑰露我绝对不是在安利[脱单doge]，现在买t恤毛巾四件套等等必选新疆棉[OK],0,0
dzkell,男,2021-10-29 02:17:38,这可比那个 @清华大学美术学院 屁股歪的可好太多,0,0
sosososusu,保密,2021-10-29 01:27:16,中国人的正常审美是这样的1,0,0
sosososusu,保密,2021-10-29 01:26:54,中国人的正常审美是这样的,0,0
李贰乔,保密,2021-10-29 01:15:34,我们家就是种棉花的，我为新疆棉骄傲！！！[脱单doge],0,0
影自由,女,2021-10-29 00:55:25,风口抓得真好[支持],0,0
疑惑的山竹,女,2021-10-29 00:27:52,新疆果然长得好看的多是吗[脱单doge],0,0
小李不出门,保密,2021-10-29 00:24:30,啊 这,0,0
要死了赶紧睡了,男,2021-10-28 23:51:40,棒,0,0
-蒲烧鳗鱼-,男,2021-10-28 23:50:22,牛逼,0,0
塞上渔阳,男,2021-10-28 23:46:33,这里该不该说，清华美院也得看看,0,0
早早歌,女,2021-10-28 23:35:56,小红书里天天推耐克阿迪，软骨头是真多[灵魂出窍],0,0
tph101,保密,2021-10-28 23:31:39,红高粱模特队[doge],0,0
四个涨停板,保密,2021-10-28 23:29:53,希望每年都搞。以后每年，新疆棉花秀对应米兰时装周,0,0
吧啦吧啦没,保密,2021-10-28 23:17:18,好有意思,0,0
佛-乐游,保密,2021-10-28 23:02:08,😎帅,0,0
八角老虎儿丶,男,2021-10-28 22:42:28,这不比清华的走秀强多了[脱单doge],0,0
zylzdx,保密,2021-10-28 22:41:07,真棒呀[鼓掌][鼓掌][鼓掌],0,0
温暖柔软的猫肚肚,保密,2021-10-28 22:29:17,这骨架这身高，真是帅气，还有漂亮的汉服小朋友[打call][打call],0,0
乐在此,男,2021-10-28 22:18:36,觉得台子还高点更好。,0,0
是八级小狂风啊,男,2021-10-28 22:11:34,真材实料！这样的走秀谁看了不想买呢,0,0
心怀期待-相信美好,保密,2021-10-28 21:50:10,这是哪位的创意，烦请老板加俩鸡腿[吃瓜],0,0
清溪醒,保密,2021-10-28 21:46:08,好好看！～,0,0
压ak的悍匪,保密,2021-10-28 21:41:59,虾仁？？还猪心,0,0
暴走的阿司匹林,男,2021-10-28 21:41:18,唉，这种整活多好，多来点[doge],0,0
西安停车小帮手,保密,2021-10-28 21:37:47,雯方去就好了,0,0
山豆根史密夫,男,2021-10-28 21:27:42,想起红高粱模特队,0,0
花慧flower,女,2021-10-28 21:27:29,请问这些衣服在哪买啊？,0,0
批锂批锂,保密,2021-10-28 21:23:16,衣服可以贵点但是收棉花的价格也要贵点,0,0
联播说主播,保密,2021-10-28 21:17:08,怪怪的,0,0
流浪在边境的灵魂,保密,2021-10-28 21:16:07,新疆棉，还有新疆羊绒，这个双十一也走出去吧！同事老公专门做过全国羊绒检测，新疆的最好。给父母买了好几件，物美价廉。,0,2
呜哇五,保密,2021-10-28 21:12:00,好看大方，棒棒哒,0,0
别行星之陨石,保密,2021-10-28 21:09:15,有帅哥吗,0,0
呜哇五,保密,2021-10-28 21:09:08,太好看了，背景美，服装简约大方,0,0
二爷找猫,男,2021-10-28 21:06:04,"太生草了，也太好看了
[藏狐]",0,0
木葳蕤,保密,2021-10-28 21:04:43,其实要是选天气更好一点的就好了，蓝天白云那种[doge][doge],0,0
爱与冲动,男,2021-10-28 21:03:23,我一直都想设计这样一场秀[打call]，没想到已经被实现了！,0,0
你的恩浩帅帅,男,2021-10-28 20:58:06,"场景没的说，必须赞，也有创意
但是不太理解衣服的风格太多了吧，是一个集合品牌还是啥的，也有日常风格也觉得不错，但是还是差了一点意思🌝",0,0
viiiooola,保密,2021-10-28 20:49:56,能不能加个滤镜 稍微鲜亮一点儿,0,0
35岁前一定要成功上岸,保密,2021-10-28 20:32:39,很贵的，我看了价格默默选择二十多元的,0,0
花火不是军火,男,2021-10-28 20:25:19,红高粱模特队,0,0
苟言菌,男,2021-10-28 20:12:03,开局还以为这是P的。[笑哭],0,0
无壶大司马,保密,2021-10-28 19:58:43,投币！[打call],0,0
sen1111111,保密,2021-10-28 19:55:59,这个方式还蛮好的,0,0
龙猫要好好睡觉,保密,2021-10-28 19:49:43,穿汉服的小美女[星星眼][星星眼][星星眼],0,0
执着也是病,保密,2021-10-28 19:46:13,好有意境啊,0,0
爱吃胭脂的宝哥哥,男,2021-10-28 19:40:35,时尚,0,0
王小Albert,男,2021-10-28 19:27:24,我还以为，立坚哥去走秀了,0,0
冉冉Go,女,2021-10-28 19:25:09,[热词系列_排面],0,0
顺六六大顺,保密,2021-10-28 19:18:50,加油新疆棉,0,0
乎乎水其,保密,2021-10-28 19:17:25,时尚和时事的完美融合，谁的主意？快出来挨夸,0,0
能帮我捡下肥皂吗,保密,2021-10-28 19:12:30,中国的时尚之路还是很漫长啊,0,0
bili_90130274869,保密,2021-10-28 19:04:03,棒！新疆加油！中国加油！[爱心][支持],0,0
千羊一喜,保密,2021-10-28 19:03:43,今年秋冬流行色，绿色,0,0
narcissus1108,保密,2021-10-28 18:59:39,又是模仿国外的创意，啧啧啧。。中国人真是给自己长脸啊。。。。,0,0
嬭滋大,男,2021-10-28 18:57:11,赞👍,0,0
夹缝姑娘,保密,2021-10-28 18:44:10,[捂眼][doge],0,0
咪斯特儿周,男,2021-10-28 18:44:35,哈哈哈，这也太会来事了[给心心],0,0
ahnfix7k,男,2021-10-28 18:43:43,雄起,0,0
传说中勇者大人,男,2021-10-28 18:41:04,[doge]要不把川建国绑…请来走秀，反正大家都是好同志,0,0
李0_0,保密,2021-10-28 18:28:09,这布景不得直逼满地薰衣草[妙啊],0,0
该举报的没举报,女,2021-10-28 18:25:21,厉害,0,0
羡鱼不吃咸鱼的鱼,保密,2021-10-28 18:24:48,场上的模特和底下的农民会不会有点对比 感觉有点不合适[藏狐][藏狐],0,0
西湖泡龙井,保密,2021-10-28 18:15:42,想把棉花砍回家做棉被[藏狐],0,0
阿祖-打不了720的,保密,2021-10-28 18:08:25,请问哪里可以买到呢？,0,0
xu-zhi,保密,2021-10-28 18:07:13,应该请胡明轩穿着阿迪来走一圈,0,0
长树的花,保密,2021-10-28 18:05:21,啊啊啊啊啊啊优质棉花[打call][打call][打call][打call],0,0
桃黎海陆山野,保密,2021-10-28 18:05:19,模特rh了[滑稽],0,0
静静地看你们吹牛逼,男,2021-10-28 18:04:45,可以，面对西方那帮王八蛋，就应该贴脸怼回去。,0,0
QLQS,男,2021-10-28 17:55:03,666.真是好创意。,0,0
曾宝玉,男,2021-10-28 17:52:22,杀人还要猪心？好可怕啊,0,0
安铁男的魅力,男,2021-10-28 17:44:11,坚持把每年把这个办起来[doge],0,0
流火之氓,保密,2021-10-28 17:40:39,社会主义的极致浪漫,0,0
小花漾i,男,2021-10-28 17:37:10,真正的艺术品应该走向劳动者,0,0
7k,保密,2021-10-28 17:34:51,奶奶的气质可太帅了！[星星眼],0,0
薯薯我氩,保密,2021-10-28 17:33:30,"美:你这棉花地有问题啊你这,你这有黑人嘛",0,0
我透取名字真的难,男,2021-10-28 17:33:27,阳光彩虹小白马[doge],0,0
加醛是辛渴许,男,2021-10-28 17:31:28,这不比那清华走秀燃？,0,0
八列之舞,保密,2021-10-28 17:27:04,很好看！,0,0
居然有人叫DD了,保密,2021-10-28 17:16:24,漂亮,0,0
MacaronisMaster,男,2021-10-28 17:16:48,以时尚界那审美，真没准哪天时尚大秀的舞台就会加入农田呢[doge][滑稽],0,0
猛虎推沙,女,2021-10-28 17:14:39,绝不回旋,0,0
账号已注销,保密,2021-10-28 17:10:02,[嗑瓜子][吃瓜],0,0
北冥有鱼其曰装不下,男,2021-10-28 17:06:39,强,0,0
_皇帝__,女,2021-10-28 17:04:44,还有长视频吗,0,0
_皇帝__,女,2021-10-28 17:03:59,我现在买衣服和全家人的衣服都会刻意看是不是新疆棉,0,0
咔咔咔则,男,2021-10-28 16:48:01,想知道啥品牌的  想买[给心心],0,0
跑渣首马已破三,男,2021-10-28 16:45:49,新疆棉后再也没买那些了,0,0
轩哥小呆,保密,2021-10-28 16:48:22,记得之前郭锥说过，国外媒体刻意误导抹黑是一方面，另一方面还需要我们多向外主动传达、宣传，让我们恢复大国自信与荣光吧[视频卫星],0,0
小A的漂亮宝贝,女,2021-10-28 16:28:50,气死他们气死他们气死他们[妙啊],0,0
金色的日常,保密,2021-10-28 16:20:34,所以现在用新疆棉花的国有品牌是那些[脱单doge]我要买爆,0,0
阴阳离子和质子,保密,2021-10-28 16:16:13,看不清衣服呀,0,0
一只嘚梅因,男,2021-10-28 16:07:43,我妈给我和我姐买的阿迪达斯外套，前脚买了后脚出事，我[疑惑][疑惑][疑惑],0,0
里格朗乐力,男,2021-10-28 16:05:48,哈哈哈牛的,0,0
来自星星的帅兔,男,2021-10-28 16:06:08,山西人发来贺电：美国佬，欧洲鬼子没打压倒我们，还替我们做了个宣传？哈哈哈哈哈，爽，,0,0
大惊喜哦,保密,2021-10-28 16:05:03,麻烦发多点，我很喜欢看这个。谢谢[给心心][给心心],0,0
假的小白,保密,2021-10-28 15:47:14,感动到了，都是正常人能穿的好看的衣服，这是传说中的时尚走秀能看到的衣服吗[笑哭],0,0
Robinyang-,保密,2021-10-28 15:42:18,被北京上海时尚装周高几个档次,0,0
我要天天吃西瓜,保密,2021-10-28 15:41:24,👍👍👍,0,0
是空空吖,保密,2021-10-28 15:39:54,这么冷的天，辛苦了,0,0
yuki183,保密,2021-10-28 15:36:17,个人感觉 晚上用上照明效果会更好,0,0
BayernOctave,保密,2021-10-28 15:31:21,但是胡明轩[藏狐],0,0
大马得儿驾,保密,2021-10-28 15:30:25,我买的新疆棉花  从石河子发货  真的会有很新鲜的棉花的气味[呲牙][呲牙][呲牙],0,0
不犯病的乃淇淋,保密,2021-10-28 15:22:52,可是那位新疆球员可是代言了nike呢,0,0
月夜丨无痕,保密,2021-10-28 15:19:54,这不申遗?等韩国呢？,0,0
二木犬,保密,2021-10-28 15:13:18,"个人建议啊。这种形式非常棒，但是现场确实没有走秀的场地秀场的样子。那个时尚芭莎不是标榜自己代表中国时尚吗？怎么一个像样的中国秀场看不到你，而各种贴美国需求的秀一个少不了你？
我个人觉得既然要做一个秀，那就认真点。把现场搭建成复合秀场的样子。这样的规范的真的适合做成秀场的范本也可以成为当地今后举办秀场的样板，甚至我觉得每年可以真的保留这么一个秀作为各产品发布秀的形式。",0,0
salsasnake,保密,2021-10-28 15:12:45,为啥那几个男的走路我看着特别别扭呢[囧],0,0
年底劈个叉,男,2021-10-28 15:09:02,这是什么品牌？,0,0
昵称已存在请重新尝试,保密,2021-10-28 15:04:40,想起本山大叔和范伟老师的小品了,0,0
胜利终将属于种花家,男,2021-10-28 14:54:48,清华美院请看过来[抠鼻],0,0
万千星河wqxh,男,2021-10-28 14:54:39,新疆长绒棉大多供给国防军工流入民间市场的并不多，那些恶心的西方品牌根本就用不到新疆棉，抵制只是为了在国际上污名化咱中国。,0,0
dr烟锁池塘柳,男,2021-10-28 14:54:37,这都是常服[吃瓜]平时真的会穿的那种～万万没想到会有人把手术室的洗手衣穿出来[疑惑],0,0
泡桐树下看星星,保密,2021-10-28 14:50:29,地球上有哪个国家能包容这么多民族，高下立判,0,0
云中君丰隆,女,2021-10-28 14:51:09,棒[给心心],0,0
CapitalOcean,男,2021-10-28 14:49:57,不仅cue了外媒诋毁新疆棉事件 还cue了某走秀事件,0,0
i真理but更爱真理报,女,2021-10-28 14:48:40,国内不用宣传，国外也不信,0,0
梨涡浅笑Jackson,女,2021-10-28 14:47:15,新疆棉真的很好，结婚那会，陪嫁里的几床棉被心都是让我老公从新疆带回来的，因为是我的陪嫁，给了钱的[呲牙]，价格也比我们老家便宜……,0,0
撸丶易,男,2021-10-28 14:43:00,希望走台的时候是劳动人民的步伐，是劳动人民的歌声，是劳动人民的服装。因为是劳动人民的向往，理所当然的要深入劳动人民，了解劳动人民，服务于广大劳动人民。,0,0
抚铲,男,2021-10-28 14:37:09,胡明轩[呲牙],0,0
ataraxia911,保密,2021-10-28 14:32:26,想起赵本山的红高粱模特队儿,0,0
---苦咖啡--,保密,2021-10-28 14:28:37,清华大学的那些人出来走一走！！,0,0
宅可腐斯鸡,男,2021-10-28 14:27:15,这是让我们不要忘记那些抵制新疆棉的企业,0,0
没那完美主义命,女,2021-10-28 13:58:02,景色很美，突出的就是一个自然与现代工业的完美结合。连现场发的遮阳帽也是纯棉的，多来点[喜欢],0,0
瀘州月隔天涯,保密,2021-10-28 13:55:27,好秀,0,0
靖哥哥学医,保密,2021-10-28 13:54:43,胡明轩，身为新疆人，却代言参与抵制新疆棉的阿迪达斯！！！,0,0
姓诸葛名拖把,女,2021-10-28 13:50:13,赞赞赞[呲牙],0,0
土豆炖马铃薯加个薯片,男,2021-10-28 13:46:30,可是作为新疆人的胡明轩为耐克代言了啊。那这种行为给外国人看到又是什么想法呢？,0,0
爱吃樱桃的嘤,女,2021-10-28 13:46:54,额，这个台步,0,0
没头脑呜呜,女,2021-10-28 13:45:47,"想到身边单位篮球队，还要都买耐克鞋子[捂脸]
不是说外国牌子不能用
但辱华还想赚中国钱的不能买没问题吧
而且为什么把耐克=有面子+时尚[捂脸]",0,0
孔栋栋,男,2021-10-28 13:44:15,大棉袄套着二棉裤，里头是羊皮外头裹着布，预备，，，唱[打call][打call],0,0
100岁的小神仙,保密,2021-10-28 13:42:08,好有创意啊[给心心],0,0
摸摸摸鱼撒,保密,2021-10-28 13:38:57,这个创意好,0,0
饭后消息,保密,2021-10-28 13:18:21,哈哈哈，大力支持，玩的好，气死外国佬,0,0
柠檬味的大褂,保密,2021-10-28 13:14:31,快给我链接哼啊啊啊啊啊啊啊啊啊,0,0
--心有猛虎细嗅蔷薇--,男,2021-10-28 13:06:02,还有小模特,0,0
是莲大人呀冰心X酱,女,2021-10-28 13:04:55,我们给朋友家宝宝买衣服送礼，就特意买彩棉的，很贵，没有一点染色，孩子穿更健康。就是那种浅浅的棕啊灰啊黄啊这种，很淡雅好看。,0,0
沙雕臭熊猫,男,2021-10-28 13:04:59,虾仁猪心了喂,0,0
满天星和派大星,保密,2021-10-28 13:02:04,麻烦那些个反华的gdx，睁大眼睛看看我们大中华，好的东西多着呢。,0,0
思雅白鹤,男,2021-10-28 12:57:44,咱不得三连表示表示，新疆太美了[喜欢],0,0
听山风入耳er,男,2021-10-28 12:50:25,问题是那些品牌在用新疆棉啊[笑哭][笑哭][笑哭],0,0
0517-1700A,保密,2021-10-28 12:48:39,在新疆居然没有展示少数民族服装，这不地道啊,0,0
花是爱123,保密,2021-10-28 12:47:07,帅气,0,0
姜小河Gerry,男,2021-10-28 12:47:15,感觉还是汉服大气,0,0
手切姜片儿,保密,2021-10-28 12:42:42,这宣传创意不错啊！可以多来点儿[tv_点赞],0,0
崽崽捡破烂,保密,2021-10-28 12:43:54,棉花地真美,0,0
晴空2021,保密,2021-10-28 12:35:13,👍,0,0
素笺执手,保密,2021-10-28 12:33:01,上个链接啊,0,0
婆娘是手机,保密,2021-10-28 12:33:12,秀,0,0
冬妮88,保密,2021-10-28 12:32:24,漂亮,0,0
瞎BB的小狐狸,保密,2021-10-28 12:29:44,想看看拍出来的成品,0,0
拜哈因,保密,2021-10-28 12:25:44,妆容好，起码不是眯眯眼……,0,0
haolihai2017,保密,2021-10-28 12:22:39,链接呢！！！！,0,0
凶猛的迷惑行为,保密,2021-10-28 12:17:31,不得不说外国时装秀从舞台开始就弱爆了[doge],0,0
要不要啵叽一下,保密,2021-10-28 12:15:26,太棒了这主题,0,0
Solitude_B612,男,2021-10-28 12:14:18,看封面我还以为是胡歌[笑哭],0,0
我是谁的大叔,男,2021-10-28 12:04:53,我要回去看看当年当兵的地方，大沙湾[呲牙],0,0
1187打汪淼,男,2021-10-28 12:03:14,我币没了[OK],0,0
戈登先森,男,2021-10-28 11:59:14,多寒酸，要在棉花地里走秀[doge],0,1
我爱秋天123,保密,2021-10-28 11:58:10,啥品牌啊？,0,0
硫锡镁梓,保密,2021-10-28 11:55:46,吹爆，带汉服玩！[大哭],0,0
90后奋起吧,保密,2021-10-28 11:50:48,大爷大妈们是最好的背景[微笑],0,0
心远地自宽,保密,2021-10-28 11:47:10,新疆棉能不能像阳澄湖大闸蟹一样，做个产地认证？防止以次充好。,0,0
心远地自宽,保密,2021-10-28 11:44:55,不叫西方弄一下，我还真不知道新疆棉。今年夏天家里每人买了5件真的新疆棉的T恤，[热词系列_吹爆]我们竟然还有这么好的面料！柔润，透气，表面光泽，不易皱，有垂坠感！弹性适中。新疆棉满足了我对面料所有要求！毫不夸张的说，千元左右的国外品牌T恤，用到的面料根本就没新疆棉好！以前瞎买当了许多年冤大头，以后就新疆棉了！,0,0
清风吹起大腿毛,保密,2021-10-28 11:39:58,这走秀看着多舒服，衣服多正常,0,0
曲二傻的粉丝,保密,2021-10-28 11:36:03,穿着汉服身穿洁白无瑕的新疆棉花中 太有高级感,0,0
福气好运来,女,2021-10-28 11:32:13,终于没有眯眯眼了，帅哥美女这么多，干嘛要迎合西方人眼中中国人的形象,0,0
余生恋鱼神,保密,2021-10-28 11:29:25,很有创意哎[点赞],0,0
一颗麦芽糖123,女,2021-10-28 11:28:44,[打call][打call][打call][打call],0,0
squidsater,保密,2021-10-28 11:28:25,阿拉蕾鲁吧鲁 刚好拿下印度[doge],0,0
inner-up,保密,2021-10-28 11:15:37,有完整版吗就是说,0,0
卧沙爱好者,保密,2021-10-28 11:04:38,太棒了,0,0
焱鑫430,女,2021-10-28 11:04:33,又乡又潮[妙啊],0,0
BruceCruise,保密,2021-10-28 11:03:13,CCIA，哈哈，china CIA?[doge][doge],0,0
梦鲛official,保密,2021-10-28 10:58:56,西瓜鞭子,0,0
九穆昜,保密,2021-10-28 10:56:55,这波难道就是传说中的借力打力？嫁衣神功？,0,0
九穆昜,保密,2021-10-28 10:54:03,这才是艺术和生活的结合。,0,0
六级的我无惧白嫖,男,2021-10-28 10:56:00,彩棉花效果应该更好,0,0
山涧小路山野村夫,保密,2021-10-28 10:54:44,帅！必须帅！让那个啥破国际双标盟的看看！你特么算老几！,0,0
S待机,男,2021-10-28 10:52:08,这才是真正的中国风T台秀[打call][打call],0,0
不一样的黑森林,保密,2021-10-28 10:47:47,很有创意,0,0
犹豫的花生豆,保密,2021-10-28 10:42:54,来俩新疆音乐，我还是喜欢新疆姑娘，哈哈哈哈,0,0
吴觅与,保密,2021-10-28 10:43:50,棒棒棒！！！！！！！,0,0
柒の闪闪红心,保密,2021-10-28 10:37:03,新疆的团团终于越来越厉害了！,0,0
幸爆菇112,女,2021-10-28 10:35:52,新疆人表示骄傲！[打call][打call][打call],0,0
咕嘟咕嘟喽,保密,2021-10-28 10:17:38,多好的棉花呀 让世界都看看,0,0
心火相随,保密,2021-10-28 10:12:23,不错不错，支持[奋斗],0,0
俄式酸奶糕,保密,2021-10-28 10:09:32,[热词系列_吹爆],0,0
Soso201509,保密,2021-10-28 10:07:21,支持！如果能每年都搞这样的活动，请些青年设计师来，那也是挺好的，新疆加油[打call],0,0
爱喝肥宅水的小刘同学,保密,2021-10-28 10:01:56,看不懂弹幕和评论的，为什么要请 外国模特？这思维是不是就很固定[辣眼睛],0,0
原谅我一生热爱难回头,男,2021-10-28 09:57:26,相当于一巴掌狠狠地抽在那些无良媒体脸上,0,0
意向开天,男,2021-10-28 09:54:52,别光走步~整点歌舞~[打call],0,1
阴天吃饺子,女,2021-10-28 09:50:40,有创意,0,0
天工开软,保密,2021-10-28 09:50:33,试着用过新疆棉的毛巾才知道果然是高端货。,0,0
M-哈哈倪,保密,2021-10-28 09:47:58,很棒,0,0
账号已注销,保密,2021-10-28 09:30:07,新疆棉有官方旗舰店吗？我真的好想买一个新疆棉的棉絮做辈子，淘宝上那些商家不知道真假？,0,0
流萤续梦光,男,2021-10-28 09:31:59,在哪买,0,0
824后彻底不吃海产品,保密,2021-10-28 09:27:10,新疆棉贵吗？,0,0
笨蛋小先生的日常记录,保密,2021-10-28 09:19:36,前来给新疆团团送上友好广西人的三连！！,0,0
一刀一个小喽啰,男,2021-10-28 09:07:50,国家为什么不直接支持新疆棉！对于抵制新疆棉的直接加税,0,0
_横槊赋诗_,保密,2021-10-28 09:05:54,欲盖弥彰[doge][doge][doge],0,0
牛心冷,男,2021-10-28 09:04:16,清华美院yyds！！！[嫌弃],0,0
可爱的白莲蓉,保密,2021-10-28 09:04:14,头上长棉花了[脱单doge][脱单doge][脱单doge],0,0
刘伟一,保密,2021-10-28 08:54:30,穿旗袍，还有这种模特步！！！！！！这个策划该失业了。,0,0
highmyth,保密,2021-10-28 08:54:21,就得这样！管它外面是风是雨，咱们自己要支楞起来[打call][打call][打call],0,0
C龙行爪印N,保密,2021-10-28 08:50:32,新疆棉事件应成为国货打响自己品牌，与国际品牌竞争的大好时机💪今年买了不少产自新疆的东西。有衣服，也有吃的😄很满意👍,0,0
GavinASyria,女,2021-10-28 08:48:08,"这多好看！ 还时尚！！！ 毕竟这景色可是布不出来的啊！  
新疆的棉花尤其初中上地理就知道了，多有名的产区啊！新疆的优质长绒棉！诋毁新疆棉花的都是文盲鬼子[阴险]  新疆棉最棒[打call][打call][打call]",0,0
普通B站用户名,保密,2021-10-28 08:46:32,那啥，我强调一下，发生事件之后，我以及我的家人，再也没有买过甚至连逛都没逛过那些品牌的店，不管是线上线下。,0,0
岑大东,保密,2021-10-28 08:44:04,如果可以。 我大广西水稻田现在空置了 你们来一趟吧。接送免费。场地免费。吃席免费[辣眼睛],0,0
普通B站用户名,保密,2021-10-28 08:45:28,这个牛逼了,0,0
己所欲休要施于人,保密,2021-10-28 08:43:42,美！！！！！,0,0
有猫了还少个狗,保密,2021-10-28 08:41:01,这衣服质感好好啊！肯定很贵吧[打call]买不起orz但是支持,0,0
是椰子不是胡萝卜,保密,2021-10-28 08:37:37,直接哇塞[星星眼]棉花田做背景简直不要太有感觉！,0,0
40723416630_bili,保密,2021-10-28 08:36:32,新疆棉都是高端品用的，低端品牌控制成本，根本用不起。新疆棉在 全世界品质都是第一梯队,0,0
willowsinthewind,保密,2021-10-28 08:36:30,中国也起一个自己的棉品协会，不入会不用在中国做生意。,0,0
张小怼怼怼,保密,2021-10-28 08:34:41,外国“友人”的广告效应挺好的，现在整个地球的人都知道新疆产最好的棉花[doge],0,0
estallalin,保密,2021-10-28 08:34:04,好好看！,0,0
帆子君和四只喵画画,保密,2021-10-28 08:33:19,我又想起来十月一逛商场发现hm活的好好的[Cat_fight][生气][tv_发怒],0,0
蓝丝兔,女,2021-10-28 08:29:19,有没有人记得“红高粱模特队”？[水稻][水稻][水稻],0,0
gon11,保密,2021-10-28 08:24:23,这才是接地气的走秀和品牌。[OK],0,0
16442116455_bili,保密,2021-10-28 08:14:11,哪里可以看完整版，求链接,0,0
欢脱的小师子,保密,2021-10-28 08:09:39,这多好看，比三角眼好看多了,0,0
焦糖摩卡冰淇淋,保密,2021-10-28 08:08:23,模特不是吊带眼就好，像清华丑院一样跪下可不行,0,0
K1nG灬小强,男,2021-10-28 08:00:11,谁看了不说好👌🏻,0,0
linlingcatcat00,保密,2021-10-28 07:49:43,赞！,0,0
和我胖虎作对,保密,2021-10-28 07:47:44,资本家就是煎,0,0
神灯神灯傻不愣灯,保密,2021-10-28 07:34:09,这才是正常的衣服,0,0
雨夜月落,男,2021-10-28 07:34:52,终于没咪咪眼了，上次清华那走秀一群化妆成眯眯眼，太恶心了,0,0
19734057644_bili,保密,2021-10-28 07:28:15,棉花的花语是珍惜身边的人。棉花还有着情意绵绵、荣华富贵和纯洁美好的寓意。[OK],0,0
小埋乃吾妻,男,2021-10-28 07:30:37,我看谁还敢买钩子阿迪[doge],0,0
水果和燕子,女,2021-10-28 07:29:36,挺好看！这个场景太美了，颜色漂亮！,0,0
熊猫也太可爱了叭,保密,2021-10-28 06:51:15,之前看到那个湿巾之类的是进口优质棉，最好的棉花在我们中国新疆，果断不买它,0,0
敷衍式起名,女,2021-10-28 06:55:01,漂亮,0,0
RobinHsiung,男,2021-10-28 06:37:55,这才对嘛…！！不比某个大赛美院阳间多了！,0,0
醉蜜糖,保密,2021-10-28 06:28:10,新疆好地方啊，这样的走秀真好！,0,0
的五二声木又,保密,2021-10-28 05:04:01,新疆确实是很美很美很美的地方,0,0
bili_448561120,保密,2021-10-28 04:01:34,[热词系列_秀],0,0
梨子火龙果,保密,2021-10-28 03:20:54,标注新疆棉最好 我本人很喜欢用全棉的产品,0,0
阿拉辣,保密,2021-10-28 02:13:42,哇！好棒[给心心],0,0
Jackeyloveoo,男,2021-10-28 01:37:19,这个创意不错,0,0
威斯康星人在上海,保密,2021-10-28 01:35:02,没啥像样的服装搭配,0,0
秋刀鱼吃喵,保密,2021-10-28 01:31:20,突然就高端了起来[打call],0,0
冷水__coldwater,男,2021-10-28 01:20:46,支持新疆，但是服装还是差点感觉,0,0
修猫修勾在打架,保密,2021-10-28 01:06:36,我新疆美如画[星星眼][星星眼][星星眼][打call][打call][打call],0,0
修猫修勾在打架,保密,2021-10-28 01:07:59,[藏狐]自从新疆棉之后，我才发现还是国货香，谢谢外国辣鸡帮我们新疆打了一波广告[OK][OK][OK],0,0
菜菜菜菜小呆,女,2021-10-28 00:40:57,太酷了,0,0
烦恼和宇宙都困扰着我,保密,2021-10-27 23:37:44,真不错！！！,0,0
萌萌哒的花女巫,保密,2021-10-27 23:04:30,感觉高大上起来了,0,0
不靠风全靠浪,保密,2021-10-27 22:39:09,清华美院:低级走秀[墨镜],0,0
内耗不了一点,保密,2021-10-27 22:32:37,我也想支持新疆棉，问题是我不知道如何分辨真假。,0,0
夜萤海月姬,保密,2021-10-27 22:30:32,好想买视频里的汉服啊！好可爱,0,1
半听白,男,2021-10-27 22:27:26,这些全是棉面料的衣服吗？,0,0
bili_931398,男,2021-10-27 22:24:18,不加几个黑人上去吗？,0,0
废宅@R.C.A,保密,2021-10-27 22:24:13,这个厉害了，封面还以为是p上去的[正经人_火],0,0
sparkkly,保密,2021-10-27 22:22:34,这个是真的美丽冻人啊,0,1
耳濡目染ai,保密,2021-10-27 22:20:07,建议走台步可以请专业模特和当地少数民族一起完成这种类型的大秀,0,0
巩义剑哥,保密,2021-10-27 22:19:54,那个。。新疆冬天了吧   不冷吗,0,0
孤凰i,保密,2021-10-27 22:19:07,一直想去新疆，一直没机会，气,0,0
渝中区的糯米团酸辣粉,保密,2021-10-27 22:19:05,好！,0,0
酸酸甜甜哑然,保密,2021-10-27 22:11:44,看起来好像雪啊，一头扎进去，应该不冷,0,0
无物庸人,保密,2021-10-27 22:11:17,成人模特的质量有点差。有关产业协会的主管部门没有整合好时尚资源。,0,0
中二修仙者,保密,2021-10-27 22:08:44,这才叫民族感的高级,0,0
请问你有快乐嘛,保密,2021-10-27 22:06:24,支持新疆人民和新疆物产,0,0
账号已注销,保密,2021-10-27 22:05:05,棉花田这么好看的吗？,0,0
ColinTEP,男,2021-10-27 22:03:47,想知道，哪有卖的[微笑][微笑][微笑][微笑][星星眼][星星眼][星星眼],0,0
阿图B号,保密,2021-10-27 22:03:43,建议晚上，加点灯光效果,0,0
时光蝶舞,男,2021-10-27 22:01:41,棉花还有彩色的吗？第一次听说[笑哭][笑哭][笑哭],0,0
闻云深,保密,2021-10-27 22:01:10,好创意,0,0
ou-yy,保密,2021-10-27 22:01:28,酷～,0,0
我只做自己我就是我,保密,2021-10-27 22:01:16,太好了，这才是好的走秀,0,0
千叶百合,保密,2021-10-27 21:54:50,有意思，小疆团你多放点儿呀,0,0
本大爷有九条命,保密,2021-10-27 21:53:39,这个好！,0,0
情字心头锁,男,2021-10-27 21:51:23,如果请人收棉花的时候务必叫上我哈[喜极而泣][喜极而泣][喜极而泣],0,0
分分目,女,2021-10-27 21:51:29,真好！真中！,0,0
啷个裡个啷,男,2021-10-27 21:50:46,希望来个每年一届新疆棉田国际时尚秀[打call][喜欢],0,0
从一九八七,保密,2021-10-27 21:46:19,好漂亮,0,0
shineyookin,保密,2021-10-27 21:46:21,挺好看的，亲近大自然[喜欢],0,0
沉溺-52赫兹,女,2021-10-27 21:44:30,蛮有创意,0,0
急救箱,男,2021-10-27 21:23:40,美得很,0,0
小维燕燕,女,2021-10-27 21:24:10,啊啊啊啊！！！！！！我以后一定要去新疆,0,0
账号已注销,保密,2021-10-27 21:21:46,这音响这样放太碍眼了,0,0
夏目大人家的斑,女,2021-10-27 21:14:19,[支持][支持][支持],0,0
了孒子孑孓予,男,2021-10-27 21:10:51,[支持][支持][支持],0,0
下雨好不好,保密,2022-03-29 02:37:25,😎😎😎😎😎😎,0,0
