V-Blues,男,2022-06-03 12:13:55,全球因为老美而失去生命的亡魂，必将让其坠落、腐化、毁灭！,0,0
想上战场的男人,保密,2022-05-24 10:38:25,这个世界应该根据人的喜好选择不同的生存世界，比如喜欢竞争的人放一起，喜欢暴力的人放一起，喜欢发呆的人放一起。[大笑],0,0
云边风车,保密,2022-05-18 12:55:43,当一个国家的民族，为了自己的虚荣而放弃国家的尊严时，恰恰是这个民族腐烂的开始。,1,0
龙头boss,保密,2022-05-13 21:35:53,新疆棉就是最大的自由和人权,0,0
大尾巴影,男,2022-05-12 22:53:56,你说的很对，可是BV1dY411G7Ew 您好，这里是bilibili，我想应该有更好的平台去探讨您现在所述的内容,0,0
闫园长,男,2022-05-11 19:18:53,呵呵,1,0
有没有这么多1,保密,2022-05-08 21:07:11,只有自强不息和强大才能赢得别人尊重！,1,0
开心苹果163,保密,2022-05-08 13:17:05,去他妈的美国佬！！,1,0
开心苹果163,保密,2022-05-08 13:16:31,去他妈的耐克,1,0
姜太虚不太虚,保密,2022-05-07 17:53:23,总有一天，赤色的旗帜将在整个地球上飘扬！,0,0
来自LA的Gangster,保密,2022-05-05 06:32:28,李宁还不如耐克,0,0
焦糖红豆布丁珍珠芋圆,保密,2022-05-03 15:18:36,支持民族品牌，以节俭为荣奢侈为耻。,1,0
Ly撒野,保密,2022-05-02 15:43:13,外国货这种东西，咱们中国有的人也不知道咋想的，我们叫他们别买了像什么苹果啊，阿迪耐克啊，他们说我们穷，没有眼光，没有审美，人家的质量就是好，我说:人家好好在技术这无可厚非，但是你们捧老外拉踩国内产品就是欺师灭祖。。后来说着说着，说不过他们了，难道我们就真的不可能战胜外国货的无条件洗脑了吗？,0,0
欧洲乞丐,男,2022-04-28 00:31:15,所以说，现在耐克在中国怎么样了🤔,0,0
66马拉松,男,2022-04-27 11:58:36,名牌包包 一万多的加拿大羽绒服 一瓶化妆品就上万   多奢侈 多无聊 多媚外   但是人有钱人感觉是正常消费 花的起那个钱    所以这事没法说         举个例子   我家冬天零下三十多度，我穿件200块的鸭鸭，我过冬了，人家在南京上海穿一件1万多的鹅绒加拿大，人家认为保暖重要  谁有错，谁都没错   尽量吧，有钱人多做点公益，穷人呢尽量节约别跟风奢侈,0,0
无界77,女,2022-04-22 10:52:50,希望所有的中国人都是真的站起来了。人活一口气，树活一张皮。我们为什么能有五千多年的历史文化，那是因为这文化里不只有中庸之道，更重要的还有做人的底线和原则。国家一样如此。,1,0
宝贝请转身wzj,男,2022-04-09 21:18:08,欧美人确属匪帮，但鲁等须知，并不是每一个民族每一个国家都该存在，这是更大的现实，而这些事情总要有人来做,0,0
用于了,保密,2022-03-19 19:56:27,没有思想的人，说不出来这些话，人云亦云的太多了。,0,2
上海身份,保密,2022-03-12 20:56:04,穿耐克的鞋总是觉得有味，现在我想明白了原来是血腥味,1,0
入行需谨慎,保密,2022-03-05 20:38:11,罪恶  盎格鲁撒克逊,0,0
快乐的氟西汀,男,2022-02-23 19:51:39,天下苦美久矣,0,0
匈奴们好,保密,2022-02-21 20:28:38,四五百一双的耐克鞋质量还不如一两百的特步,0,0
纯洁的枫林晚,保密,2022-02-12 20:21:52,有一双耐克，穿坏了后期不买了，国产鞋子也一样,0,0
qzison,保密,2022-02-10 18:15:57,为什么举手还要开枪？,0,0
wolffiend,保密,2022-01-31 16:51:29,美国犯了反人类罪，必被天罚！,0,0
HisStigness,男,2022-01-23 13:03:37,是的，再一次赢了。,0,0
小铜钱做眼镜,保密,2022-01-21 14:01:23,米国佬根本不配对中国人指手画脚，他们是世界上最大的安全隐患，没有人性,0,0
星儿爱的人,男,2022-01-16 15:33:13,美国就是原罪，只有美国从地球上消失了，才符合天道,0,0
UP小墨,保密,2022-01-05 08:57:43,给耐克寄假鞋了解一下,2,0
秃头的李缺德,男,2022-01-04 13:54:59,我家附近就有部队，部队里的好几个“兵哥哥”脚踩nike身穿阿迪，我说的是实话，坐标泸水[保卫萝卜_白眼],1,0
乾月岚起,保密,2022-01-01 13:07:49,看到弹幕：路过耐克店里面依然有人在买。其实想想卖烧饼的大爷都知道雇托来吸引生意，这些资本家还不知道吗。所以每个人做好自己即可,1,0
路亚初级新手,保密,2021-12-30 13:58:36,真理永远只在剑峰之上,1,0
s1690,保密,2021-12-29 07:06:57,自己要超越对方 对方才没人买 只抵制没用,1,1
沉默鹰Yan,男,2021-12-28 13:22:43,炸村子那个是美剧杀戮一代里的……,1,0
80大棍,男,2021-12-28 02:10:55,昂撒从来没变过，他一直是强盗，只不过现在有了点文化，懂得包装自己了。就像个泼妇穿了一身名贵衣服，但只要稍不顺心，改撒泼打滚还撒泼打滚。,0,0
UK鲁莽,保密,2021-12-26 20:14:02,美国是世界的敌人，一个想在文化和军事上左右星球前进方向的卑劣国家，一个由资本伪装成的国家！而美国也正在变得像二战前的德国那样！,2,0
UK鲁莽,保密,2021-12-26 20:11:13,不想成为视频里凄惨的孩子，就别当二沟子,2,0
猫2332,保密,2021-12-26 00:51:47,现在的人，就是被奢侈这两个字给洗脑了，认为自己买了奢侈品就是富人了，买不起奢侈品就买那些贵但是自己并不是很需要的东西，认为这就是精致，这就是生活。那就是是个屁，真正的生活是精打细算，是柴米油盐，不是富二代就别在那做富人梦，在不委屈自己的前提下让自己活的幸福，这才叫生活。人家富人不差那点钱，而你拿着那点钱只为装个逼。,0,0
人体能量开发,男,2021-12-18 13:59:29,国内机械化没普及，效率低，被人家说很正常，你机械化高度发达鬼说你们,0,0
无风拂柳1,保密,2021-12-10 17:36:04,反正能不买就不买，再买估计人家不知道怎么在背后说我们憨,0,0
我在光明中,男,2021-12-10 11:59:15,有信基督的么？！我告诉你个秘密！圣经是魔鬼写的！信魔鬼信基督！,1,0
反驳网络暴力组织,男,2021-12-08 02:55:58,这视频什么意思蹭热度?好家伙居然在我黑名单里,2,2
迪爷崩了你,保密,2021-11-27 12:09:35,日本是亚洲的仇敌  美国是世界的仇敌  2个畜生不如的国家,0,0
种花家的硬骨头,女,2021-11-08 11:59:55,不阿迪，不耐克，不苹果。我现在擦脸油只用郁美净，菜油只用鲁花，手机只用华为。别说我狭隘，因为我个人很渺小，所以表达很唯一。,1,1
洛圣都大善人,男,2021-10-14 21:29:07,当我们长期没对手太飘的时候，附近来了群猴子偷走了火把，结果可想而知,0,0
九块腹肌的大帝,保密,2021-10-09 21:51:25,看看胡明轩带孝子吧！！！ 为啥都没热度,5,0
九七五五十二,男,2021-10-05 15:47:37,已经该改穿李宁了  虽然我影响不了我身边的人 但是我可以影响我的孩子,1,2
拥有みらい的未来,男,2021-10-04 01:41:03,刚买的空军没多久，结果新疆棉花出来了，到现在就穿了一回，花钱了想穿，但是感觉很不好受,1,1
霸气外露找事,保密,2021-09-28 12:35:09,中国人全世界最双标的人，一边说着抵制外货，一边又疯狂买外货,4,1
Cortana33,保密,2021-09-10 00:51:19,这个节目完整版是啥啊,0,0
MartinVin,保密,2021-09-09 04:59:19,从小穿鸿星尔克长大的，根本不知道耐克阿迪[笑哭],1,0
MilkMilkL,男,2021-09-01 07:28:31,姜文说：“它做一衣服，我穿，我还觉得这是一个恩赐，这事想不通啊这！”,0,0
毅哥啊,保密,2021-08-08 07:29:08,"1200一双的✓勾子……
可以买 鸿星尔克 5双鞋+5件T恤
可以买 贵人鸟 5双鞋+5件T恤
可以买 蜜雪冰城 300杯柠檬水/150杯珍珠奶茶
可以买 汇源果汁 22箱
可以买 75斤大米 10袋
可以让贫穷的孩子，一个月吃上饭！

以前花的冤枉钱，就花了吧！
从现在起……兄弟姐妹们，我们是不是该醒醒了？（转起来！）",9,1
逛站不爱穿库,保密,2021-08-07 18:29:55,我学校才离谱，校内超市卖耐克阿迪，中百到几千的都有[藏狐][藏狐][藏狐],1,0
bili_508275552,保密,2021-08-03 20:38:53,幸好我买的是莆田，要不然我真想现在就脱了,1,0
白绢丶,女,2021-07-31 16:45:28,互联网没有记忆，我亲眼看着当时口口声声骂着耐克的同学现在来问我这个耐克的背包好不好看,3,3
打个下划线__,保密,2021-07-07 15:15:37,15块一双的民路宝穿着不舒服么？,1,1
牛寺另刂弓虽,男,2021-07-04 16:46:51,美剧的就别剪里面了吧。,0,0
Bili_329679658,保密,2021-07-03 23:05:07,三天一小儒，五天一大儒，儒家文化传遍世界！,0,0
我想去美国当总统,保密,2021-07-01 10:17:11,骂白人真的没有任何意义，还不如埋头苦干，好好学习白人的做派，直到有一天让他们连抱怨的勇气都失去，那就是我们真正扬眉吐气的时候到了,0,2
FayHsueh,男,2021-06-25 23:09:46,兄弟们，安踏c37 2.0香的很啊，实名制推荐一波c37,0,0
雷電將軍的主人,男,2021-06-22 11:46:19,永遠要記得！！我們不是生長在一個和平的年代，我們只是生活在和平的國家！！,0,0
凤年年,男,2021-06-21 18:51:16,年轻的时候没多少钱还喜欢穿aj，觉得潮流，现在有钱了，但是就觉得回力飞跃真舒服。宁可买莆田也不买耐克阿迪,1,0
账号已注销,保密,2021-06-13 15:09:39,以前读书同学都穿阿迪耐克，我也穿，现在我不会再买耐克阿迪。,0,0
热心市民三皮哥,男,2021-06-08 20:36:58,别让这种美式霸权裹挟着时尚外衣流进中华文化里,0,0
够打点不打点,保密,2021-06-03 22:44:15,杀人还得拍下来,0,0
wdm123412,保密,2021-06-02 06:42:16,干脆裹小脚算了啦,0,0
南云雾,保密,2021-06-01 23:44:01,知道这事儿后就放弃买它的打算了，现在穿李宁，挺好。,0,0
折光丶呀,保密,2021-05-26 20:32:11,耐克？赶集100块钱件。我觉得挺好呀。什么？好几百？拉倒吧谁买它,0,1
超级飞猫啊,保密,2021-05-21 18:08:08,表示没穿过迈克的鞋，[doge],0,0
乐上,女,2021-05-16 12:14:57,labor,0,0
拉明多,保密,2021-05-12 22:52:42,主要以前中国教育普及率不够，被领了，后面发现我们棉花是老祖宗留下的神器,1,0
一年级老妖,保密,2021-05-08 17:23:52,还好，前两个月买的阿迪是莆田的，才150元，就喜欢不支付版权费[吃瓜][吃瓜],0,0
泡芙桑嘛,保密,2021-04-30 16:18:38,呃，好吧，素材来源于圆桌派，压根说的不是棉花,0,0
3990889110,保密,2021-04-29 23:10:26,能有比耐克更好的国产鞋子买，我就不需要买耐克了,0,0
大磁力棒,男,2021-04-29 11:19:23,这类型应该很容易过啊,0,0
酱汁菜,男,2021-04-29 08:39:09,[吃瓜],0,0
众生同心,男,2021-04-28 23:25:23,我们没做过的事情 它们干过 所以慢慢的就变成我们做的了[捂脸],0,1
What_Ximu,保密,2021-04-27 13:32:46,世界苦美久矣,0,0
Mars_Fall,男,2021-04-27 02:49:52,敬告盎格鲁撒克逊人，失道寡助，而必将为之付出代价！,0,0
靓仔靓女看我这边,保密,2021-04-26 12:22:38,鞋子，就是用来踩在脚下的，不会有人不明白这个简单的道理吧,0,0
国光光光光,保密,2021-04-26 08:25:56,管你是不是碰瓷，点赞👍就完事了,0,0
郁心丶,男,2021-04-25 20:27:43,二战之后，为什么日本和德国的汽车产业能够发展起来，人家确实有技术，但是别人国家的人都支持啊。我们不买国产，他们永远没有资金发展技术，也就永远强不起来。,2,0
忍龙133,保密,2021-04-25 07:26:26,剪辑的不赖,0,0
FHBOWAY,男,2021-04-24 17:54:38,支持,0,0
只只知知之之,男,2021-04-24 17:18:24,昨天刚买了一双NIKE。,0,0
鹿二十七,保密,2021-04-23 20:40:41,前天去万达hm耐克依旧是爆满，笑死我,0,0
namaraz,保密,2021-04-23 13:28:44,没有美国，对人类很重要！,0,0
游城十代z,保密,2021-04-22 15:04:58,我穿的是玩觅，特别好穿的福建品牌,0,0
一只特别的大公鸡,保密,2021-04-21 12:24:27,说的对,0,0
l夜黎l,保密,2021-04-20 23:24:25,"我寝室就有几个爱买名牌贵鞋的，我一直也无法理解他们。我认为脚底之物，成本一两百的东西卖我几千，我又不是吃饱了没事做？一百元的鞋，我能穿。五十元的鞋，我也能穿。十元的拖鞋我甚至能穿整个夏天。
他们向我解释，各种鞋的舒适度不同，什么什么的，我分不清好坏，但我就是认为不值那个价。布皮，橡胶，棉，一个名牌，就几千了，我不懂。
最后，他们说，就好比买手办，充皮肤一样，买鞋子就是一种爱好。我哑口无言了，我虽然不玩手办，但我对手办的看法其实和名牌鞋一样，是资本割我韭菜，物有不值。游戏皮肤我充，明知不值，却还是当了那韭菜。
只能说，人各有志，不强求。不是一个圈子难以融入[笑哭]",0,0
永不坠落的IKAROS,保密,2021-04-20 21:46:50,说发到外网的想必没脑子，也没上过外网,0,0
呵呵我也想你,保密,2021-04-20 12:34:46,姜文现在说的吗？神器剪辑师，隔空剪辑。,0,0
碗在哪里呢,男,2021-04-19 18:19:47,面对西方的作恶多端，我们才是为人类而战的一方。,0,0
F_U-1048221035,男,2021-04-19 13:03:03,We need the Old Americans（美洲原住民），not the New one（各种旧殖民者或旧移民及其后代）,0,0
没喝二两手会抖,男,2021-04-19 10:53:22,对不起，我全身上下都是made in china，而且还是小品牌，穿戴全部加起来不超300元[OK]最主要的是我穿了快2年！,0,0
wanufb,保密,2021-04-18 10:46:27,必须穿中国品牌,0,0
妮妮是我也,保密,2021-04-17 02:19:25,看看美国这二三百年干了什么好事,0,0
并心静气,保密,2021-04-17 01:05:41,买的还会继续买。不买的人永远都不会买,0,0
总有一天可以的,男,2021-04-17 00:08:10,国潮快崛起[doge],0,0
心医霖霖,男,2021-04-16 13:38:37,我自己家里有三双nike的跑鞋，还有两套nike的运动速干衣，虽然穿出去跑步没人说，但我自己都觉得丢脸，不知道怎么就买了这个白眼狼的东西，再穿段时间就扔了,0,0
洞庭春色饮,保密,2021-04-16 13:06:09,现在有一种论调，就是“抵制无用论”，他们喜欢嘲讽抵制的人，说现在抵制以后该买一样买，问题是他们根本就不知道买的人和抵制的人是不是同一批人，他们只是自己买了，感觉在抵制的人面前自卑然后通过这种方式把人拉下水而已，希望各位警惕，不要被这种人的唱衰带偏了思想，当抵制的人都认为抵制无用时，那抵制就真的无用了,0,0
黄昏后细雨前,保密,2021-04-16 13:05:14,该死的美国佬,0,0
暮星九日,男,2021-04-16 10:26:15,鸿星尔克穿了十年了我,0,1
调回,男,2021-04-15 18:48:17,背后全是美国人，西方的刀子,0,0
bili_82108795754,保密,2021-04-15 12:18:56,西方的人权在其子弹之上,1,0
纯情的魅_魔,女,2021-04-14 19:48:41,夜视仪那段美军火力震撼到我了，什么时候解放军能放出几个视频来开开眼啊,0,1
半城星海,男,2021-04-13 22:46:20,美国人做的孽早晚还回去 欧亚联合孤立他,0,0
水巧思,保密,2021-04-13 11:39:56,说实话我对牌子不牌子一向没有啥感觉，我追求的是好用质量好,0,0
买一颗星星给你,男,2021-04-13 00:34:00,得物识货每天都有人购买，心里挺不是滋味，这些忠实的顾客支持下，让这些品牌更理所当然，也有更多的资金投入到设计和广告上。如果国产能获得更多的支持，投入在设计理念广告。我丝绸古国所制造出来的东西，能比这些品牌差？,0,0
亿艘小哈魚,保密,2021-04-12 22:41:38,"兄弟们！
　　我爱美国！
　　我要去美国发光发热了
　　虽然我身在中国，但却依旧向往美国！
　　我终于离开了这生我养我的土地！
　　向往那自由的国度！
　　哪怕我现在去不了，但总有一天我会去的！
　　希望我去的时候
　　你们能记住我的名字！
　　……
　　……
　　东风41战略核导弹！",0,0
九河云阙,保密,2021-04-12 18:14:44,我虽然是个男生，但是从小对鞋都没什么概念，互联网兴起后也很少去实体店买鞋了，现在基本脚底下踩得不会超过400，不能理解很多男生对鞋这个东西情有独钟，这东西不就是个消耗品嘛[笑哭][笑哭][笑哭],0,0
宅晨苟,男,2021-04-12 10:38:19,西方人为什么这么笃定我们干了这事？因为这是他们的历史嘛！,0,0
太空螨,保密,2021-04-12 08:08:10,抵制几个牌子有啥用，直接断交得了呗，怕是既得利益者人不肯啊,0,2
吧唧吧唧吃串串,保密,2021-04-12 02:01:48,发到油管上去,0,0
怵歪歪,保密,2021-04-11 22:46:16,这个它们，用得特别贴切！,0,0
七夜お淇,男,2021-04-11 17:51:15,呜呜呜,0,0
吃饭的小朋友们,保密,2021-04-10 23:43:14,我现在都找不出一个产品质量好的运动鞋牌子。。。吹得天花乱坠，买回来穿一个月，都差不多。。。有没有比较实诚的牌子推荐一下啊,0,0
我在光明中,男,2021-04-10 22:56:36,美国谈人权就像魔鬼说我爱着世界！,0,0
载你过二仙桥,男,2021-04-10 20:15:53,"因为B站用户有相当一部分学生党，看到微信公众号一篇不错的建议，转一下
1.以从此以后不再买，但不要烧掉或者剪掉你已经花钱买了的东西，更不要去毁坏别人的东西——这些钱也是父母们的血汗。
2.不要被键盘侠利用，也不要用键盘利用别人——一边大张旗鼓地号召抵制，一边暗地里偷偷买。
3.不要跑到实体店，站在道德至高点去拍摄别人，又不打码。——他们也只是打工者，也不容易。
4.民众觉醒是个漫长的过程，不能一蹴而就，那样只会造就另一个“义和团”。
5.有些事情，上面不好直接出面的，确实也只能依靠民众的自觉。
6.对于大部分学生来说，学习知识，夯实基础才是第一位的。不给国家添乱，就是最好的爱国，等你真正有能力的时候，再来为国家作出贡献。
7.这一次，也许国运已经来临，我们要有自信。
8.绝不能因为这个原因去攻击这些之前买过这些品牌衣服的人，更不能攻击这些品牌的员工们
转载，侵删（老复制党了）",0,0
桐须Sensei,保密,2021-04-10 19:18:32,京东淘宝还在卖耐克阿迪[无语],0,0
炸天帮起灵,男,2021-04-10 18:40:40,枪在手，跟我走！,1,0
泷小喵,保密,2021-04-10 09:19:53,所以望我中华人人如龙！,0,0
鸢风鹤露,保密,2021-04-10 08:24:47,不止盎撒，罗马帝国时期的欧洲三大蛮族都半斤八两，尤以日耳曼最甚，基因里就是贪婪和野蛮。,0,0
青鱼鱼鱼呀,男,2021-04-10 07:50:23,"十年磨一剑，
霜刃未曾试。
今日把示君，
谁有不平事？",0,0
谁起我名儿了,男,2021-04-10 02:22:03,我家大海冲我呲牙 让我拿铁锹一顿拍 打那之后再也不敢了 这狗啊 有些时候不打疼了它 它真以为你好欺负 就是欠揍,0,0
旱鸭子杰尼龟,保密,2021-04-10 00:26:46,666,0,0
庆都首府吴彦祖,男,2021-04-10 00:14:01,我有两三双耐克鞋，我也不会扔，除非穿烂了，买东西无所谓牌子不牌子的，好看质量好的就是上上品，这种鞋子二三百的一大堆，鞋子有个鸡毛的思想，就是个垫脚的东西，花几千块钱买迈克等品牌的鞋子，还收藏，我是真的不理解，也看不懂，消耗品也能收藏？况且这种东西永远也不会绝版！,129,15
哈罗德天下第一,男,2021-04-10 00:13:28,工业产品也配当收藏品吗？,0,0
BoOm哒嘞,男,2021-04-09 23:15:34,反正我，一年四季基本上优衣库，真的方便。,0,0
BoBo_HeaD,保密,2021-04-09 22:12:19,不知道六个月后看这个视频自己会作何感想,1,0
精灵_公主_,保密,2021-04-09 21:33:03,他做一衣服，我买了，我穿，我还得觉得是恩赐，那我不成跪着要饭的了吗？,4,0
Ly.,保密,2021-04-09 13:14:41,你抵制你的，我买我的。,1,2
一沟死水,保密,2021-04-09 12:56:20,真理只在射程范围内,0,0
赛克与光,保密,2021-04-09 12:37:48,李宁的logo霸气多了。,0,0
凝荷倚鹃,女,2021-04-09 11:29:11,我看着衣柜里那顶阿迪达的帽子，纠结，是剪了好还是烧了好？反正我没勇气戴出去了！,0,0
喵喵的神秘花园,保密,2021-04-09 09:50:50,位卑未敢忘忧国,0,0
--Og--,保密,2021-04-09 08:51:41,没买过耐克，阿迪只买过一双鞋，一般都是安踏，李宁，匹克，361,0,0
遇到阿伟的张三,男,2021-04-09 07:26:36,李宁算不算名牌？？4万一双鞋,0,0
休伯利安第一偶像,保密,2021-04-09 01:53:17,想想我朋友放假俩月兼职花大把钱就为买几双aj就想笑,235,6
Avatarbypass,保密,2021-04-08 22:27:54,不知道这个视频能存在多久,0,0
影子941,保密,2021-04-08 22:01:25,那美国篮球足球明星发同款了不也有人继续抢？,0,0
逆风行旅,男,2021-04-08 20:31:06,一双破鞋而已，穿什么鞋不是穿啊，耐克穿了能上天不成？,9,7
很有可能,男,2021-04-08 16:40:23,众所周知，死人是没有人权的[OK],0,0
我想改个名字呀哈,男,2021-04-08 16:08:17,本应生长在和平年代的他们 却变成了这个世纪的一道又一道伤疤 而带给这个世界一次又一次痛苦的始作俑者 反而高高在上的美化自己 肆无忌惮的诋毁欺辱他人 最可笑的是 还有这么一种人 跪惯了 不舔都不舒服,1,0
长了剪刀形状尾巴的猫,男,2021-04-08 14:55:29,武举人，抵制耐克可别杀了那些卖凉粉的,1,0
晚上十二点起床,保密,2021-04-08 12:24:44,以后绝对不买耐克,0,0
BVXXVB,保密,2021-04-08 10:25:41,迪卡侬的鞋子质量，舒适感都不错，价格在100左右。[OK],0,1
独孤诗洁,男,2021-04-08 06:41:01,哦，我们美国人真的太强大了，我爱美国！！——东风41[doge],3,0
热带鱼haha,保密,2021-04-08 01:29:01,让草鞋的人不要太多，挺好,0,0
Re2F,保密,2021-04-07 22:39:28,当你犯了众怒的时候不妨想想自己干了什么，合计着都有问题不让别人说你啊？得罪了公司九成的同事，剩下百分之十还是你拉到家里欺负家里人拉拢来的,0,4
三十的小砧板,男,2021-04-07 21:06:29,你们认为该不该抵制一波苹果手机[doge],1,2
Klein布鲁,男,2021-04-07 19:59:28,我穿衣服鞋子啥的多少钱的都有，几十几百的，最贵的风衣小一千也有，穿的舒服就行，品牌文化很重要么，老看朋友买一鞋子花个几千，脏了就跟谁急，我说你有这钱买点别的不行么，他就会说你不懂，然后开始巴拉巴拉，你表现出不耐烦，他就来一句跟你没什么好说的,0,0
banana大王的小号,男,2021-04-07 19:55:14,别人都联合起来抵制我们了，还搁这买啥呢？想不通,4,1
KURTKINGS,男,2021-04-07 19:39:30,嗯嗯,1,0
Da_wn,保密,2021-04-07 18:41:12,提高国产品牌舒适度,0,0
奇怪的夜猫子,女,2021-04-07 18:01:07,网络最可怕的地方就是 它可以随时记录很多东西。也可以记录的很久远。在某一个特定的时刻  把你以前说的某一段话截取出来。,1,3
不会御剑的剑修,保密,2021-04-07 11:43:15,[OK]aj是真的容易坏…离谱,0,0
zerrylu,保密,2021-04-07 08:28:27,姜文说的跟正常人买鞋没关系啊,0,0
emae82,保密,2021-04-07 06:46:56,姜文说的非常对。[支持],1,0
回忆像屎,保密,2021-04-07 02:05:59,00：58小女孩在泪花中保持笑容真的让人心碎，看一次难受一次，肯定有人告诉她遇到和我们不一样的人要笑，一定要笑,0,0
TR骑士,保密,2021-04-06 23:19:58,努力赚钱把耐克收购了比抵制耐克更好,0,0
ccn332,男,2021-04-06 23:05:55,爱国需要买李宁吗？,0,0
放肆的左手,男,2021-04-06 21:49:29,现在还买耐克的我可以不管，但我一定鄙视[OK],1,0
10个G的压力,保密,2021-04-06 19:18:57,我也想不通,1,0
账号已注销,保密,2021-04-06 18:57:14,Nike一般的东西,0,0
俺有一块腹肌,保密,2021-04-06 17:28:46,我是中国人真幸运，我是中国人真骄傲！,0,0
颠离灬,保密,2021-04-06 17:21:39,炒鞋事件后前来报到[热词系列_我裂开了],0,0
谷feey,男,2021-04-06 14:06:12,美国不就个耐克,0,0
楓叶先生,保密,2021-04-06 13:33:03,两极对立越来越盛。那一天估计迟早要来。只希望要么别干，干就干一个清清楚楚明明白白。[生病],0,0
晚风晃了煤油灯一阵,保密,2021-04-06 13:29:49,美国才是世界和平的最大不稳定因素,0,0
Bboy小光,男,2021-04-06 11:14:14,前段时间B站一直发招聘审核的广告，这段时间就一直控评，审核机制就变了，我不懂，我什么也不知道[tv_白眼],2,1
51753590211_bili,保密,2021-04-06 10:58:08,应该是：让垃圾去穿吧[思考],0,0
笑而不-宇,保密,2021-04-06 10:25:34,任何物品超过本身价值的100%都是智商税。比如成本100，运输成本20，卖240以内都是还好，毕竟要赚钱嘛。。现在的服饰动不动就几千。。几千我可以买10床棉被，再加3个卧室的窗帘了。,48,3
圣殿武士,保密,2021-04-06 06:25:22,哥从来没买过什么阿迪达斯耐克，不是因为爱国，实在是穷……,2,0
蓝星路灯关怀计划,女,2021-04-06 01:20:49,全世界无产者联合起来！,0,0
bili_327587943,保密,2021-04-05 16:31:48,虚伪的外国人,1,0
晚上梦游的云,保密,2021-04-05 14:52:25,https://b23.tv/NL6L4C,0,0
反向旋转双转子发动机,保密,2021-04-05 14:21:22,最近假期三天哪天耐克阿迪的顾客少了啊[doge],1,0
忧伤小镇青年,保密,2021-04-05 12:10:11,支持国货  希望国货能争口气,0,0
快樂小鑫,保密,2021-04-05 12:06:50,shame on America,0,0
杰哥不要过来阿,男,2021-04-05 11:07:49,战犯国家频频提出人权问题，并且还想立自己为标杆,0,0
英俊学霸博,男,2021-04-05 10:20:09,新疆棉花耐水耐磨耐酸耐克，就是，不耐克[OK],0,0
供销招待所,保密,2021-04-05 09:29:18,我穿着拼多多买的40快钱的耐克，想说句抱歉,0,0
极端的浪漫,男,2021-04-05 09:25:20,打倒一切帝国主义行径！,0,0
天枰座磊少,男,2021-04-05 08:57:46,没办法美国人太狂了以为自己就是世界主宰,0,0
巴喇叭拉布,保密,2021-04-05 01:10:12,14,0,0
你我3巅自相逢,男,2021-04-05 00:32:22,什么爱国牌？😅,2,0
不会听人说x,保密,2021-04-04 22:17:18,希望有生之年美国能从“世界第一”的位置上下去,0,0
謎之神,男,2021-04-04 21:22:40,我觉得想世界和平一点可以先要让美国在世界消失,0,0
喜欢su-152的SPIC酱,男,2021-04-04 21:14:04,说实话，买球鞋有什么意义啊？穿了一个球鞋好像能瞬间把你的实力提升到乔丹科比那种水平 而且不就一鞋子嘛，买个老北京布鞋那多香啊，穿起来又舒服还便宜，你说花几千万买个什么aj那些的也没啥意义就是个垫脚的,419,21
-怀君属秋夜-,保密,2021-04-04 20:57:15,"他做一衣服，我花钱买还得觉得我穿了有面子？
对
还得觉得是恩赐？
对
那我这不成跪着要饭的了吗？",0,0
心中之地YXB,男,2021-04-04 19:50:56,我跟你买东西，不是你感谢我还得我感谢你？,4,0
守护神行走,保密,2021-04-04 19:36:21,[辣眼睛]应该报道工作时间和工资的,0,0
希蒂尔,保密,2021-04-04 19:20:11,美国经商之道就是把一切都划分进去了，以前包括人种，现在包括战争，嘴上的人权一是满足自己虚伪的内心，二是喊给自己人看的。,0,0
红音茧,女,2021-04-04 16:23:11,很多战争都是一些内乱在持续,1,0
lhl945,保密,2021-04-04 13:55:52,我听某些人说等这段风头过了，耐克就又会和往常一样，他们说一切只是暂时的，只要耐克发布诚恳的道歉声明，一切就可以恢复跟以前一样。不知道这话到底是对还是错,0,0
方正睦仁,男,2021-04-04 13:35:54,我是中国人，unlike，不耐克[打call],0,0
莫达里克,保密,2021-04-04 12:40:04,所以，美国这玩意儿，这不是什么好东西[无语],1,0
薛宝钗三拳打死伏地魔,男,2021-04-04 12:06:54,[思考]又不是离了你的产品就不行了，反而是选择更多，那老纸买你的东西，你起码得让我觉得爽啊，还敢故意得罪我是几个意思？不提其他的，就这一条就不会再买它们的东西了。是它们有求于我们，不是反过来[吃瓜],0,0
八块一荤二素,男,2021-04-04 11:16:31,学生时代曾经也因为所谓的名牌花了几乎所有零花钱～后来就穿过一次～磨脚～难受～还特么没点实用性～还不如我双几百块国产穿4 5年～[OK][OK][OK],0,0
AndyBlake,男,2021-04-04 11:13:12,求bgm,0,0
锁钥人,保密,2021-04-04 11:10:20,除了书本上的科学家，外国人的话，我连标点符号都不信,0,0
东东要吃薯条,保密,2021-04-04 11:02:02,我咋看见的一堆白头盔摆拍的图片,0,0
逆风0312,保密,2021-04-04 08:33:43,随身带录像机这习惯，以前我以为只有陈冠希们喜欢,0,0
0x_CyberX,男,2021-04-04 08:11:32,县长讲的本来是正常的逻辑，奈何新一代的不给力,0,0
招财树的金被我蹭掉了,保密,2021-04-04 07:49:00,看到那幾個小孩我真是忍不住,0,0
vivachauvin,保密,2021-04-04 07:09:34,记住，你的故乡，叫华盛顿！,0,0
쓰레기막대,保密,2021-04-04 03:15:16,感觉我们的使命是改造大洋彼岸的野蛮民族,0,0
鲤良伴,男,2021-04-04 01:45:46,街上我还看到有人穿Adidas的[阴险],0,2
JOPLIN-打打打,保密,2021-04-04 00:59:55,李宁五千多了[辣眼睛],2,0
吃菠萝的金闪闪,女,2021-04-03 23:53:38,我我们学校这边才搞笑，因为旁边超市去年冬天上架了一大批AJ外观一模一样的鞋，45一双（还有50一双的加绒款），导致周围老头老太太几乎人手一双。更搞笑的是，这超市坏得很，什么红蓝黑白的配色他都进货卖，我们学校现在的看到谁穿AJ就直接叫他“足力健”[笑哭][笑哭][笑哭]，导致在我们这块几乎没啥学生穿aj上学的，穿出来必定能和哪位大爷大妈撞鞋[笑哭][笑哭][笑哭][笑哭][笑哭],6840,69
只有一招的浩仔,男,2021-04-03 23:50:03,天下苦美久矣,0,0
Nietzsche想啃一口月光嘛,保密,2021-04-03 22:40:35,宣传的力量，让一种普通商品成为使用了即可以高人一等的品牌，不管怎么说，还是垫脚的东西,2,1
二两爪,保密,2021-04-03 22:21:53,总有一天美国人要为自己的错误付出惨痛代价，下一个索多玛城就是他们,0,0
注册只为写弹频,保密,2021-04-03 21:53:11,还去买耐克的，脑子有坑！,0,0
湖北朕通,保密,2021-04-03 21:09:25,"翻译翻译什么叫“荒谬”
翻译翻译什么叫“荒谬”
翻译翻译什么叫“荒谬”
翻译翻译什么叫tm的“荒谬”",0,0
奇奇可可豆,男,2021-04-03 20:30:48,把一个logo当做荣誉标志是真的丑,0,0
rock劉奕傑,保密,2021-04-03 19:52:54,美国你也配？[辣眼睛][嫌弃][嫌弃][嫌弃],0,0
没错就是印记L,保密,2021-04-03 19:47:00,救护车那个小孩不是说是化妆的演员吗？,0,0
85395922192_bili,保密,2021-04-03 19:09:34,中东是中东人的中东！,0,0
我单推钟岚珠,男,2021-04-03 18:38:28,耐克那些牌子。什么时候可以禁？,0,0
哈没想到,保密,2021-04-03 18:28:04,虚伪的美弟,0,0
之后的之前,保密,2021-04-03 18:15:00,别天天说天下苦美久已，好吧，爱你哦,0,0
丷苏苏静静丷,女,2021-04-03 18:00:07,我女儿11岁，今天对我说了一句话，说:以前都是我让爸爸妈妈帮我买耐克，现在我是永远不会再要了！,3,0
浪后是不我,保密,2021-04-03 17:48:01,标题,0,0
想改名就改名有币任性,男,2021-04-03 17:40:47,新疆棉耐磨，耐折，耐酸，耐碱，耐水洗，就是不耐克[doge],0,0
羊谷河蕖,男,2021-04-03 17:07:34,就是个卖衣服，难道还想上天？,0,0
么猪哇,保密,2021-04-03 16:58:57,众矢之的,0,0
WN第四人称,保密,2021-04-03 16:53:47,拼夕夕九块九包邮杂牌，你值得拥有[doge],0,0
量子老年-普朗克,保密,2021-04-03 16:20:27,可惜中国人从来没有抵制成功过任何东西，从日货到NBA一直一直，只能说做好自己了,1,1
醒不来的梦里,保密,2021-04-03 16:09:39,鞋子是给站着的人穿的，跪着的不需要[OK],9,0
山里人频道,男,2021-04-03 15:39:28,我永远记得自己上初中时，有一天我脚上穿着一双爱乐球鞋，进入耐克专卖店时，店员对我那种鄙视的眼神。二十几年过去了，以至于到现在，每当我进入各种专卖店时，我都会注意店员看我一身穿着时的眼神，如果眼神不对劲，我立马转身就走。,2,0
师爷今天吃什么,男,2021-04-03 15:35:55,我就好奇了 谁买衣服买牌子是姜文说的“我还觉得是一恩赐”这种心态买的？  [疑惑][疑惑][疑惑],0,0
去做自己喜欢的事吧,保密,2021-04-03 15:25:19,诶，是这理哈！,0,0
纵使我们不再相遇,男,2021-04-03 15:04:49,美国人在的地方有时候确实“和平”可是和平不是因为美军是仁义之师，只是因为人类畏惧恶魔罢了,0,0
功罪千秋,保密,2021-04-03 14:10:11,爱买不买，反正我支持耐克，国人未免有些玻璃心了。,3,1
往事随风莫回首,保密,2021-04-03 13:42:23,美女,1,0
冲击lv10,男,2021-04-03 13:31:37,耐克：用本事来说话，呵呵[嫌弃],0,0
bili_10312883019,保密,2021-04-03 12:52:13,昂格鲁撒克逊人就是恶魔,0,0
缺钱还装大爷,男,2021-04-03 12:26:21,愿进击的巨人趁早带领我们消灭美帝国，踏平美帝每一个角落,0,0
千里明月寄相思,保密,2021-04-03 11:50:39,说的没错，不就衣服吗，好看称心穿着舒服就得了，还非的买哪个名牌？,3,0
东方红太阳升啊喂,女,2021-04-03 11:44:08,我之后只穿国货,1,0
超级JOJO侠,男,2021-04-03 11:18:27,马孔多那条列车,0,0
囗匚匚匚匚匚匚匚匚匚,保密,2021-04-03 10:53:42,爱国主义收割者,1,0
喻天权,男,2021-04-03 10:44:31,本就是靠发战争财发家，你还指望它有多仁慈？,0,0
aitkfv,男,2021-04-03 10:34:16,欧美人，有小节而无大义。开口都是主义，想的都是生意。他们抹黑的，都是他们实际干过的。,1,1
与梦共枕,男,2021-04-03 10:30:35,西方一群战争贩子，可惜不归玉皇大帝管。,0,0
颜钧小孩子,男,2021-04-03 09:55:28,鞋子，踩在脚下才对,1,0
爱因伯格,男,2021-04-03 09:44:07,bbc手法,0,0
Misty-Sky,男,2021-04-03 09:39:12,现在出了事件人们才会醒悟过来，觉得以前追捧耐克阿迪及各种牌子很不理智，鞋，就是一穿着品，结果被资本各种花式营销洗脑强加概念，NBA还有各种球星明星代言，把鞋和一个人的品味信仰搞在了一起，和钻石营销一个样。以前的时候，一个人穿戴各种品牌的新品，就会觉得自己比周围的人高出一截，就各种虚荣心攀比心就出来了并沉溺其中，这种外在的东西有什么值得炫耀的？攀比这种东西是没有就尽头的，贪欲更是如此。流水线低成本的商品被制作出来然后以几倍的价格卖给你，然后告诉你这鞋是谁代言的，是最新款限量款收藏款签名款啦，是一种什么象征什么信仰啦，然后你还觉得真的是物超所值我太喜欢了。就好像一个坏人拿着一一坨粑粑告诉一小孩子说这是一坨神奇的粑粑，是上帝拉的，会带来好运的，然后就把小孩手里的钱给骗走了，小孩子还在沾沾自喜洋洋得意玩粑粑。,1,0
西南分局愚情科小黄,男,2021-04-03 09:33:00,反正我觉得把logo 贴衣服上挺low的，我都花钱买衣服了，还要为你们的衣服做宣传？,1,0
恰红薯吗,男,2021-04-03 09:32:55,站着把钱挣了[doge][吃瓜],4,0
teiiiiiiiiI,男,2021-04-03 09:32:03,人类毒瘤美国人,1,0
大佬威520,保密,2021-04-03 09:27:31,哪些抢鞋子的，希望以后不要抢了。,0,0
溪边的小鹿,保密,2021-04-03 08:56:40,最讨厌品牌概念，质量好设计好才是真，品牌溢价就是智商税。,0,0
地垄沟里月下起舞,保密,2021-04-03 07:56:27,买东西而已，我还得看他的脸色？,1,0
mgidsds,男,2021-04-03 06:50:41,要真的付出行动不买耐克，而且必须从自己做起，不然说什么都没用。,0,0
我来自南京,男,2021-04-03 03:33:22,天诛美帝,0,0
忘_尘_雪,男,2021-04-03 02:52:51,像我这种对任何产品的牌子都不太了解人就永远理解不了别人的那种品牌优越感。∠( ᐛ 」∠)_,4,0
tonrouzuyi,保密,2021-04-03 02:18:24,美军这么强大，在世界上打来打去、耀武扬威，可打的都是什么国家？阿富汗、伊拉克……都是些实力完全不对等的国家，真正实力差距不大的它打过吗？这就是美国的本质，用各种手段营造出强大牛逼的印象，实则就是阿富汗伊拉克这样的对手，真正跟五常这种级别的干过几个？很多人就是被这些吓到了，跪久了起不来了，我看现在应该从新再普及一下历史，好好了解一下抗美援朝战争，就tm一纸老虎，现在穿件衣服鞋子就能把我们拿住了？笑话！,3,0
MaticsLee,男,2021-04-03 00:09:11,美国，就是扔原子弹到广岛，长崎时有些许正义感罢了。,0,0
星期四卖地瓜,保密,2021-04-03 00:06:55,灰色世界,0,0
取何名,保密,2021-04-02 23:53:54,顶[黑洞],0,0
發光貳機管,男,2021-04-02 23:09:39,小时候总觉得世界上只有中国和外国     现在长大了   越发觉得小时候都想法是正确的   这个世界真的只有中国和外国两个国家,0,0
hbthbt,保密,2021-04-02 23:06:48,这几百年，白人过的好舒服哇,1,0
雄飞大丈夫,保密,2021-04-02 23:04:39,“世界人民大团结万岁”还要很久才能实现啊，加油！！,0,0
貔貅皮不皮,保密,2021-04-02 22:54:30,强盗起家的国家骨子里是改不了的卑劣,0,0
高槻泉爱吃红苹果,保密,2021-04-02 22:52:42,今天去打疫苗看见穿李宁的明显增多了，感觉平时都没这么多呀！啥情况[笑哭],0,1
爱换名字的徐姐姐,女,2021-04-02 22:50:26,初中高中一直是练体育的，初中一直穿匹克，高中一只穿安踏  李宁  回力双星（22一双的训练鞋），班上有很多人天天整着AJ去打球，跑又跑不动，还费鞋，一双四千多的联名限定穿过来还没一个月就脱胶了，还有宁愿话四五百去买一双阿迪达斯的高仿也不愿意买一双便宜点的正版国产（有朋友说过买盗版还不如买便宜点的正版，他来一句盗版你买的起吗？）我就很迷惑，反正后来也没穿多久就烂了，又给爸妈打电话找个理由说怎么怎么样要钱，然后接着买盗版，三年下来我就买过四双贵点的鞋，两双尤尼克斯羽毛球鞋（羽专必要的，我个人对自己的专项物质要求挺高，但我更追求实用），一双安踏一双李宁（四百左右），然后就是22块钱的回力双星，好穿而且耐穿，训练必备的神器（穿球鞋跑步的我是真想不通，跑不起来你的鞋再帅又有什么用？？？）然后我高中买的四双鞋现在还在穿，而且都只有一些轻微的磨损，现在耐克作死了也不知道以前那些同学怎么想[抠鼻][抠鼻],0,0
我爱iii猪大肠,保密,2021-04-02 22:43:04,能把印第安人整灭绝的种族，他们的后代一定也同样野蛮,2,0
克苏一条柴,男,2021-04-02 22:25:46,只要能把nike未来的增量客户扼杀在摇篮里，那抵制就是成功，只要存量客户不再继续大量购买、那也是成功,1,0
blueicebb,保密,2021-04-02 22:22:57,还记得小学电视台放的伊拉克战争，满天弹火在黑夜里真的和烟花一样，一直记得这幕，这些弹火下的人该是多么恐惧和绝望,0,0
ZFZYH,保密,2021-04-02 22:14:51,嘴里说着爱与和平，手上早已占满鲜血……,2,0
一个无聊的碳基生命,男,2021-04-02 21:30:54,我以前也想买双耐克的 因为以前小时候读书就听说过这个牌子 出来工作了听说我们大陆这边人力成本高 厂都搬到越南了 然后看了那些我想买的那些鞋的评论 很多溢胶 褪色什么的就没买 就算是外国牌子感觉还是喜欢自己人做的[笑哭]耐克没了 不是还有其他大牌 国产吗 正好让我们把它的市场份额占了 能占一点是一点,1,0
这是十二生肖里的鸡,保密,2021-04-02 21:29:47,天下乌鸦一般黑,0,0
阿尔卑斯棒棒鸡,保密,2021-04-02 21:17:15,🙏🙏🙏,0,0
此处前方是荒野,男,2021-04-02 21:13:51,世界苦美国久已，是时候揭竿而起。,2,0
成为普萝莉塔利亚特,男,2021-04-02 21:10:57,虚荣心罢了，显摆显摆。,0,0
PetCheetah,女,2021-04-02 21:04:58,虽然我觉得耐克有些鞋子好看，但一个鞋子我不穿又不会怎么样，耐克声明恶心吐了[保佑]但我觉得不要强迫别人买不买，别人想跪着就跪这呗[嫌弃],0,0
慵懒的小M,男,2021-04-02 21:00:42,我有个学生，平时和他玩的不错。他母亲是公职人员，父亲是大学老师，说不上家里多有钱，但确实算是富裕。我给他补习数学，每周一次，总能看到他穿不同的花里胡哨的鞋。我对鞋一窍不通，穿的都是商场反季的特价鞋，最贵的一双鞋是从朋友那淘的踢不烂，400多的瑕疵鞋。有一次我和这小伙闲聊，我说你这鞋有多少双啊，看你总换。他说他有一墙鞋，具体多少双他也不记得了，总之就是AJ出了新款必买。我问他你穿的过来吗？他说不是为了穿的，就是给他同学显摆的，哪个同学买了新鞋，他也必须买一双。我一时也不知道说什么。我92的，回忆起来小时候从来没向往过鞋啊衣服的，我现在还会捡我哥的衣服穿（人一结婚胖的是真快啊），我理解不了什么潮牌啊网红同款什么的，也许我就是时代的眼泪吧，但我从没觉得自己被时代抛弃了。,1,0
谈笑天辰,男,2021-04-02 20:43:06,又被删除了啊[生气][生气][生气],0,0
stonetiger,保密,2021-04-02 20:31:48,天下苦美久矣！,0,0
浮生伊悦,保密,2021-04-02 19:56:54,带血的称棉花秤砣钩子,0,0
尤为二白污,保密,2021-04-02 19:52:38,我特么就服姜文，他那脾气就特么对味[OK],1,0
哀木涕哦哦哦哦,保密,2021-04-02 19:40:50,如果美国人相信恶有恶报，他们会胆寒！,6,0
登峰览山小,男,2021-04-02 19:18:21,穿鞋是为了站着，不是为了跪着,4,0
我会为了晓宝改名字,男,2021-04-02 18:39:27,又来转移矛盾了，抱歉，nike我还会买，不要用爱国绑架任何人,1,0
老T连长,男,2021-04-02 18:34:14,全班就我一个穿衣服不挑牌子[笑哭],4,0
整拾散落的星火,男,2021-04-02 18:24:12,列强=列位强盗,0,0
粉条杀手,保密,2021-04-02 18:18:57,就一裹脚的鞋       还有价值了？,7,4
量子修道,保密,2021-04-02 18:00:18,还愣着干嘛，赶紧@回形针PaperClip 啊[doge],4,4
我对你爱-爱不完,男,2021-04-02 17:42:24,"✨✨✨✨✨✨✨✨✨✨
✨✨✨✨✨🇨🇳✨✨✨✨
✨✨✨✨✨🇨🇳✨✨✨✨
✨✨✨✨✨🇨🇳✨✨✨✨
✨✨✨✨✨🇨🇳✨✨✨✨
✨✨✨✨✨🇨🇳✨✨✨✨
✨✨✨✨✨🇨🇳✨✨✨✨
✨✨✨✨🇨🇳✨🇨🇳✨✨✨
✨✨✨🇨🇳✨✨✨🇨🇳✨✨
✨✨🇨🇳✨✨✨✨✨🇨🇳✨
✨🇨🇳✨✨✨✨✨✨✨🇨🇳
✨✨✨✨✨✨✨✨✨✨
✨🇨🇳🇨🇳🇨🇳🇨🇳🇨🇳🇨🇳🇨🇳🇨🇳🇨🇳
✨🇨🇳✨✨✨✨✨✨✨🇨🇳
✨🇨🇳🇨🇳🇨🇳🇨🇳🇨🇳🇨🇳🇨🇳🇨🇳🇨🇳
✨🇨🇳✨✨✨🇨🇳✨✨✨✨
✨🇨🇳✨✨✨🇨🇳✨✨✨✨
✨🇨🇳✨🇨🇳🇨🇳🇨🇳🇨🇳🇨🇳✨✨
✨🇨🇳✨✨✨🇨🇳✨✨✨✨
✨🇨🇳✨✨✨✨🇨🇳✨✨✨
✨🇨🇳✨🇨🇳✨✨✨🇨🇳✨🇨🇳
✨🇨🇳🇨🇳✨✨✨✨✨🇨🇳✨
✨✨✨✨✨✨✨✨✨✨
✨🇨🇳🇨🇳🇨🇳🇨🇳🇨🇳🇨🇳🇨🇳🇨🇳🇨🇳
✨✨✨✨✨🇨🇳✨✨✨✨
✨✨✨✨✨🇨🇳✨✨✨✨
✨✨✨✨✨🇨🇳✨✨✨✨
✨✨✨✨✨🇨🇳🇨🇳🇨🇳🇨🇳🇨🇳
✨✨✨✨✨🇨🇳✨✨✨🇨🇳
✨✨✨✨🇨🇳✨✨✨✨🇨🇳
✨✨✨🇨🇳✨✨✨✨✨🇨🇳
✨✨🇨🇳✨✨✨✨🇨🇳✨🇨🇳
✨🇨🇳✨✨✨✨✨✨🇨🇳🇨🇳
✨✨✨✨✨✨✨✨✨✨
✨🇨🇳✨✨✨🇨🇳✨✨✨🇨🇳
✨🇨🇳✨✨✨🇨🇳✨✨✨🇨🇳
✨🇨🇳🇨🇳🇨🇳🇨🇳🇨🇳🇨🇳🇨🇳🇨🇳🇨🇳
✨✨✨✨✨🇨🇳✨✨✨✨
✨✨✨✨✨🇨🇳🇨🇳🇨🇳🇨🇳🇨🇳
✨✨✨🇨🇳🇨🇳✨✨✨🇨🇳✨
✨🇨🇳🇨🇳✨✨🇨🇳✨🇨🇳✨✨
✨✨✨✨✨✨🇨🇳✨✨✨
✨✨✨✨✨🇨🇳✨✨✨✨
✨🇨🇳🇨🇳🇨🇳🇨🇳✨✨✨✨✨",2,0
该账号已注销了吧吧,保密,2021-04-02 17:42:02,只要你还在跟他讲理，说明我们还不够跟他扳手腕,2,0
苏虹驰べ,保密,2021-04-02 17:41:02,长这么大，从十块钱的那种橡胶底的球鞋，到现在买了一堆安踏李宁，我还真没买过耐克的鞋子，从十来块钱的短袖到现在一两百一件的T恤，我也从来没买过阿迪。虽然全球化趋势决定了你买的产品里可能包含着来自世界各地的元素，但我依然是生活当中的任何产品都是尽可能买国产，支持自家品牌我真心觉得高兴，哪怕我买的产品里外国企业会拿走一大半，但国内企业多挣一分钱也比钱都交给外国企业的好。这次棉花的事，庆幸自己从来不买阿迪耐克，更别说HM了，HM店去都没去过，以前买了的小伙伴该穿还是穿，以后还是别把这种东西捧得太高。它其实就是一件商品的品牌，作为顾客的你是它的爸爸。,63,8
腥臭福尔马林,男,2021-04-02 17:25:29,别发了，输麻了，上架就抢购一空,23,3
老狐狸不吃奶糖,保密,2021-04-02 17:24:16,我tm真的看不了这种视频，受不了，对心灵上的冲击太大了。,0,0
管老子叫啥,保密,2021-04-02 17:23:31,地狱空荡荡，阿霉在人间,0,0
风中蝶舞78,保密,2021-04-02 17:08:47,都别喊口号了，四辆奇瑞车的车主路过。。。,0,0
黑猫老师不是警长,男,2021-04-02 16:51:30,会不会发外网,0,2
慕容夋裔,男,2021-04-02 16:35:10,"“夷狄，禽兽也，畏威而不怀德。”——唐太宗
唐太宗:“戎狄人面兽心，一旦微不得意，必反噬为害。”
唐太宗还说过：“此夷不服王化 可戮之”",0,0
phd喵,保密,2021-04-02 16:30:39,发油管啊,0,0
十域,男,2021-04-02 16:26:50,"发哥说:我拍电影，你们花钱买门票看，你们就是我们的老板，我还要感谢你们
而现在却是你花钱去支持或者买别人的东西 别人还会觉得你这是必须做的",0,0
一壶春江水,保密,2021-04-02 16:18:23,如果你有朋友还买耐克的，那这人格局小了点，人自私了点，但一定小心那些囤货的，小心给你卖了,0,0
种花椒树的喵酱,保密,2021-04-02 16:14:51,是啊，有很多人说样子好看，我以为我瞎了，看了不少，只有少数的几款可以入眼，但是价格都在1500左右。,0,0
杀人不忘补刀丶,男,2021-04-02 16:12:26,这不是欺负老实人吗[doge],0,0
阿焱焱焱焱,男,2021-04-02 16:07:52,电影别当真,0,0
Mr熋猫,保密,2021-04-02 15:41:06,本人观点：所谓名牌就是智商税～买所谓名牌就是为了装门面～本人长期穿双星回力～质量不比所谓名牌差～价钱更是天差地别～别跟我谈什么买不起～宾利路虎我买不起～买几双耐克绰绰有余,1,1
东风快递之迷弟,保密,2021-04-02 15:17:48,说说比较现实的个人主义行为 现在的人买不管打折或者优惠 你三个月别买（所有人）你看看它的打折力度是不是比现在更有优惠 优惠到你都可能一折 那么现在为什么要买占便宜？不见得吧 不管它怎么卖都有利润空间 只不过多少的问题就算一折一样有钱赚（赚的最多 少的可怜）只要全国人坚持一个月不买它能五折销售 三个月不买要么成本清仓要么关门大吉 现实就是不可能 也不可能实现,0,0
葵花宝典之皮皮虾仁,保密,2021-04-02 15:10:41,你们都不买？ 我买    5块一双来多少买多少,0,0
夜游巡林潮骤降,男,2021-04-02 14:54:53,这个视频水得有点烂，立意很好，可完全是东拼西凑,1,0
空谷吴生,男,2021-04-02 14:49:02,满嘴说着爱，满手都是血,0,0
木叶余灰,男,2021-04-02 13:56:22,这个世界有变吗,0,0
携风邀月,保密,2021-04-02 13:53:10,支持国产[鼓掌],0,0
请叫我吐槽君0,男,2021-04-02 13:35:39,盎克鲁撒克迅！人类之癌！,2,0
超级大麻球,男,2021-04-02 13:26:42,这不发到外网！,0,0
伴君指月,男,2021-04-02 13:20:01,可能是由于家里穷 我从来没穿过耐克 我感觉十几块的布鞋比动辄几千的耐克强多了 舒服,4,1
高天原之上的大神,女,2021-04-02 13:19:27,hm不是瑞典公司吗,0,0
此时此刻15,男,2021-04-02 13:08:18,这就要看我们的篮球男孩了,5,0
生存主義,男,2021-04-02 12:51:08,有的衣服设计就是出众，别人家都没有，但现在什么阿迪耐克都是贴牌货，谁都能做，我为啥买它？就没这事我也不可能花几百块钱买一个谁都能做的衣服，别人做的一样的可能就几十块,2,0
onlygoa,男,2021-04-02 12:42:42,"讲点你们没听过的

情怀那一套，我想你们都是行家里手

酒一喝，一上头，有雄心壮志按下可怕😱按钮的，可以从北京国贸，排队到燕郊……

我来跟你们说点不一样的，你们就当饭后剔牙的料看看

第一，人家一直觉得自己在做defend，并不是attack，为什么？

第二，America，这个词语，既是英语，又是法语，为什么？

（别急着问答案哦，答案与你们接收的十几年教育，可能不一样…… ）

第三，你们有几个能明白《金刚》这部电影里，猩猩🦍，猛揍恐龙🦖🦖🦖，所映射的历史现实？

先提示这些，没指望有几个人能不上头。",0,0
丿何为丶永恒灬,男,2021-04-02 12:38:21,我觉得吧。你说高科技产品起步完没条件快发展找到合适替代品情有可原。你个衣服裤子鞋子这些东西国内不是大把的品牌？价格也相对更低。就为了个牌子？显得你与众不同气度非凡？[吃瓜][嗑瓜子],0,0
全站最水,男,2021-04-02 12:35:18,枪在手，跟我走！,0,0
该醒醒了武士,保密,2021-04-02 12:32:16,耐克阿迪达斯打折一些直不起腰的年轻人又沸腾了,0,0
西西里岛的柑橘,保密,2021-04-02 12:28:18,13万8000赞，一个美女穿个热裤的视频都随便几万赞起步。我觉得不谈国家脊梁，有个人骨气的人，太少了,0,0
呆萌不是弱受,男,2021-04-02 12:12:16,天下苦美久已,0,0
谁给的止咳糖浆,保密,2021-04-02 11:45:01,中国团结,0,0
账号已注销,保密,2021-04-02 11:41:42,为什么作恶多端的美国没有报应,0,0
酱婶儿zZ,保密,2021-04-02 11:37:28,看到今天的叙利亚，伊拉克等国家的，再惨一百倍，那就是一百多年前的我们，,12,0
零落泪滴,男,2021-04-02 11:28:48,20年前的4月1日，英雄用生命捍卫祖国尊严，现在同样4月1日，用污蔑践踏祖国尊严的品牌在得物上疯抢，涉及到自己热爱的东西的时候，某些人真的是可以没有底线的。曾经我确实非常喜欢这些牌子，甚至鞋柜里只有一双态极2. 0是国产，但是这件事之后绝不会再购入辱华品牌，想赚我的钱还打我的脸，真是气不打一处来，有这钱我去支持国产科技不好吗。,0,0
HancKz,男,2021-04-02 11:11:07,建议把马赛克弄下去，加上英文字幕，发到外网去,2,0
GN-005,保密,2021-04-02 11:10:04,"我觉得很多国产只是没有被发现，并不是国产没好货，以前买国产安卓机不是越用越慢，就是手机烫手，所以有好些年我只买外国货，三星，索尼，苹果都用过，不能说很差，只是差强人意。
5年前我换的荣耀V10，到现在速度都没有明显变慢，而且电池续航也正常，说明散热问题也OK，所以我换的5G新机也是华为mate40 pro，我不是因为什么家国情怀选的华为，相反我以前因为情怀买手机之后反而非常难受。
我觉得我们应该支持国货，但是要支持好货，华为的确用心在做产品，也有质量，我用之后能感受到，我觉得这种产品才值得支持。相反，如果产品不追求质量，卖点只有情怀，我觉得没必要支持。",0,0
散落着不闻不问,保密,2021-04-02 10:48:22,我就记得原来读高中的时候，有一个同学，就非常喜欢穿耐克和阿迪达斯，鞋子，衣服，全套，贼喜欢炫耀，然后他就认为别人是穷逼，连耐克个阿迪都穿不起！我就？？？？？？，这人跟个傻子似的上千元买个颜值一般般的鞋子，他似乎还很高兴，实在是不明白他那高人一等的感觉是哪里来的，家里比他有钱的同学也有，不过人家可比他低调多了,0,0
翠花爱萝卜,男,2021-04-02 10:44:35,回力，飞跃穿着不舒服吗！飞跃的鞋底也有踩屎感[OK],0,0
最猛男子,保密,2021-04-02 10:38:56,昂撒就是世界的毒瘤,0,0
来两杯八二年的哇哈哈,保密,2021-04-02 10:10:39,能发到外网就好了，,0,0
Reisen響,保密,2021-04-02 10:09:23,我是消费者，不是跪着要饭的。[女仆醒_咕了],244,1
陈吱吱一米八,男,2021-04-02 09:49:40,真是这样，原来我上学住校，穿安踏的衣服经常被隔壁寝室的人嘲笑,0,0
卖球鞋的大熊,保密,2021-04-02 09:37:13,真理就在大炮的射程之内,0,0
每个男人都有一把686,保密,2021-04-02 09:01:13,人穿衣服还是衣服穿人！[doge],0,0
阿澤去哪了,保密,2021-04-02 08:54:13,一直买鞋都是安踏，便宜，舒服，回力买过不过好像是盗版,0,0
大宝随时见,保密,2021-04-02 08:43:36,如果主体是自我的话，那就不止是国外品牌，应该是任何消费品牌，都是因为我需要，我给你钱，你感恩我选择你,2,1
瑰瑋若雪自沉香,保密,2021-04-02 08:41:51,啥时候让子弹飞申个遗,4,0
麦鼠-,男,2021-04-02 08:40:20,nike的鞋我就买了一双，专卖店买的。鞋底磨平了。但我就穿了3月[辣眼睛]。什么垃圾玩意,0,0
嘤武,保密,2021-04-02 08:36:09,阿迪耐克早就不买了，质量垃圾。,0,0
叶慕安,保密,2021-04-02 08:34:39,361和回力不香吗，便宜又好穿,0,0
参谋总长_,保密,2021-04-02 08:31:50,只要是骂米国的，我参谋总长一定帮帮场子！,0,0
FitChick,女,2021-04-02 08:29:30,希望大家对美国品牌理性消费。如果实在喜欢，就尽量少买吧[抱拳][抱拳][抱拳],9,2
菠萝菠萝哒偌,女,2021-04-02 07:59:08,看到记着问小女孩你爸爸呢，死了，女孩想哭却顽强地笑。这一刻真想向美国发射核弹。美国一日不消失世界不得安宁。[阴险],0,0
大和级旅馆一号店,男,2021-04-02 07:39:17,[生气]建议看看耐克之前在京东的宣传广告！简直嚣张！,3,0
你说得对我的臭宝,保密,2021-04-02 07:18:58,反人类匪帮,0,0
风中刍狗,保密,2021-04-02 07:17:19,周末必有一站，不能害怕就逃避放松警惕！,0,0
J_Laser墨颜,男,2021-04-02 07:13:32,屁股上有S才会到处找纸,0,0
飞影雪舞,保密,2021-04-02 06:57:16,我就不一样，我穿盗版的[蛆音娘_滑稽],0,0
Dragon月蚀丶,男,2021-04-02 06:50:52,搞不懂为什么要花五六百七八百甚至上千块买一双靴子，五六十块的鞋子不是也很好穿嘛？可能贫穷限制了我的思维[doge],0,0
zhenghaowa,女,2021-04-02 06:32:26,"✨✨✨✨✨✨✨✨✨✨
✨✨✨✨✨🇨🇳✨✨✨✨
✨✨✨✨✨🇨🇳✨✨✨✨
✨✨✨✨✨🇨🇳✨✨✨✨
✨✨✨✨✨🇨🇳✨✨✨✨
✨✨✨✨✨🇨🇳✨✨✨✨
✨✨✨✨✨🇨🇳✨✨✨✨
✨✨✨✨🇨🇳✨🇨🇳✨✨✨
✨✨✨🇨🇳✨✨✨🇨🇳✨✨
✨✨🇨🇳✨✨✨✨✨🇨🇳✨
✨🇨🇳✨✨✨✨✨✨✨🇨🇳
✨✨✨✨✨✨✨✨✨✨
✨🇨🇳🇨🇳🇨🇳🇨🇳🇨🇳🇨🇳🇨🇳🇨🇳🇨🇳
✨🇨🇳✨✨✨✨✨✨✨🇨🇳
✨🇨🇳🇨🇳🇨🇳🇨🇳🇨🇳🇨🇳🇨🇳🇨🇳🇨🇳
✨🇨🇳✨✨✨🇨🇳✨✨✨✨
✨🇨🇳✨✨✨🇨🇳✨✨✨✨
✨🇨🇳✨🇨🇳🇨🇳🇨🇳🇨🇳🇨🇳✨✨
✨🇨🇳✨✨✨🇨🇳✨✨✨✨
✨🇨🇳✨✨✨✨🇨🇳✨✨✨
✨🇨🇳✨🇨🇳✨✨✨🇨🇳✨🇨🇳
✨🇨🇳🇨🇳✨✨✨✨✨🇨🇳✨
✨✨✨✨✨✨✨✨✨✨
✨🇨🇳🇨🇳🇨🇳🇨🇳🇨🇳🇨🇳🇨🇳🇨🇳🇨🇳
✨✨✨✨✨🇨🇳✨✨✨✨
✨✨✨✨✨🇨🇳✨✨✨✨
✨✨✨✨✨🇨🇳✨✨✨✨
✨✨✨✨✨🇨🇳🇨🇳🇨🇳🇨🇳🇨🇳
✨✨✨✨✨🇨🇳✨✨✨🇨🇳
✨✨✨✨🇨🇳✨✨✨✨🇨🇳
✨✨✨🇨🇳✨✨✨✨✨🇨🇳
✨✨🇨🇳✨✨✨✨🇨🇳✨🇨🇳
✨🇨🇳✨✨✨✨✨✨🇨🇳🇨🇳
✨✨✨✨✨✨✨✨✨✨
✨🇨🇳✨✨✨🇨🇳✨✨✨🇨🇳
✨🇨🇳✨✨✨🇨🇳✨✨✨🇨🇳
✨🇨🇳🇨🇳🇨🇳🇨🇳🇨🇳🇨🇳🇨🇳🇨🇳🇨🇳
✨✨✨✨✨🇨🇳✨✨✨✨
✨✨✨✨✨🇨🇳🇨🇳🇨🇳🇨🇳🇨🇳
✨✨✨🇨🇳🇨🇳✨✨✨🇨🇳✨
✨🇨🇳🇨🇳✨✨🇨🇳✨🇨🇳✨✨
✨✨✨✨✨✨🇨🇳✨✨✨
✨✨✨✨✨🇨🇳✨✨✨✨
✨🇨🇳🇨🇳🇨🇳🇨🇳✨✨✨✨✨",4,0
11吧啦吧啦11,保密,2021-04-02 03:33:54,不要太过于激动了，hm这出头鸟已经打了。耐克毕竟属于贴牌产品，都是我们自己的本地代工厂造的。看国家怎么说，再看下一步。,4,0
假飞子,保密,2021-04-02 03:17:04,戾气有点重，鹰酱确实可恨，但是该摸的时候还是得摸，不能一棒子打死。,0,0
柴郡级重巡洋舰,保密,2021-04-02 02:55:05,"你就这么时不时的更新一些反美视频，这真的合适吗？
朋友，我劝你一句话       
.
.
.
努努力，争取日更[doge]",0,0
黑社长,男,2021-04-02 02:31:01,我之前一直很难理解花那么多钱买鞋的人，现在还是不理解,0,0
月光小猪pig,保密,2021-04-02 02:30:56,一辈子不会买HM耐克什么的！,0,0
磁铁放电,保密,2021-04-02 02:13:29,我就奇怪了，真的有很多人喜欢耐克吗？为什么我觉得耐克的鞋丑的一比！真的丑！七年前买过一次耐克，这辈子就那一次了！,0,0
熬夜修仙界一把手,保密,2021-04-02 01:39:05,今天商场吃饭的地方就是耐克，里面人还挺多的，于是我们就一边吃饭一边观察，最后还是挺多人买单的吖,13,3
我是方方我怕谁,保密,2021-04-02 01:16:23,这什么视频啊，我苹果手机怎么打不开啊[doge]（纯玩梗）,11,0
狂心当下息,保密,2021-04-02 00:39:04,以后不会再买nike。,3,0
永远到不了60分,保密,2021-04-02 00:13:16,美国一旦输了，估计就在地球上消失了[doge],0,1
暗晚昼到暗晚黑,男,2021-04-01 23:46:54,愿天堂没有美国,0,0
肥泡鱼,保密,2021-04-01 23:44:24,我一直就穿李宁和南极人，真香，从小到大没买过耐克阿迪，我穷逼，没觉着有多好看！,0,0
黄先生的外卖,男,2021-04-01 23:22:12,说实话，很久没看见能让我这么汗毛倒立，鸡皮疙瘩疯起的视频了[捂脸],0,0
哎呀呀不想,保密,2021-04-01 22:21:09,再也不会买耐克,0,0
国王在等公主,男,2021-04-01 22:11:02,得物这无良玩意啥时候凉啊,4,3
壹花壹叶壹方城,男,2021-04-01 21:53:16,[doge][微笑][OK][星星眼][妙啊][辣眼睛][吃瓜][滑稽][呲牙][打call][歪嘴][调皮],0,0
此别不再见,保密,2021-04-01 21:52:19,n。。。。。,0,0
此别不再见,保密,2021-04-01 21:52:14,。。。。。,0,0
此别不再见,保密,2021-04-01 21:52:09,。。。,0,0
皮卡丘貅,保密,2021-04-01 21:46:32,支持新疆棉  抵制阿迪耐克hmpuma,0,0
空上鹤行,男,2021-04-01 21:32:34,来了,0,0
天殳,保密,2021-04-01 21:24:24,为了人类，我们终将不得不踏平西方所有的阴谋老巢。,0,0
墨茶很幸福,保密,2021-04-01 21:23:01,我们在未来就是敌人，跟这种人合作那是不可能的。得要把他们全都打了比较好点，不然他们变强也会把咱打了得提防他们一点,0,0
小小飞侠潘彼得,保密,2021-04-01 21:22:44,今天是4月1日，英雄王伟的祭日。这个世界上，最有价值的是那些看不见摸不着的东西。钢筋水泥就值那几个钱，但国家的不屈不饶，民族的自强不息，边防战士的血肉之躯，围绕着我们整个社会的一切，比任何物质都有价值。而我们需要做的只是用微不足道的行为，去守护他们为之付出所有，来之不易的成果。不是道德绑架，而是中华民族的尊严,1896,6
一天睡20小时以上,保密,2021-04-01 21:06:03,我就不懂了，苹果手机这种高科技产品确实有它独到之处追捧还有道理，特么的鞋子有什么好玩的啊，垫脚的东西而已,5084,181
如风往事_,男,2021-04-01 20:48:46,"✨✨✨✨✨✨✨✨✨✨
✨✨✨✨✨🇨🇳✨✨✨✨
✨✨✨✨✨🇨🇳✨✨✨✨
✨✨✨✨✨🇨🇳✨✨✨✨
✨✨✨✨✨🇨🇳✨✨✨✨
✨✨✨✨✨🇨🇳✨✨✨✨
✨✨✨✨✨🇨🇳✨✨✨✨
✨✨✨✨🇨🇳✨🇨🇳✨✨✨
✨✨✨🇨🇳✨✨✨🇨🇳✨✨
✨✨🇨🇳✨✨✨✨✨🇨🇳✨
✨🇨🇳✨✨✨✨✨✨✨🇨🇳
✨✨✨✨✨✨✨✨✨✨
✨🇨🇳🇨🇳🇨🇳🇨🇳🇨🇳🇨🇳🇨🇳🇨🇳🇨🇳
✨🇨🇳✨✨✨✨✨✨✨🇨🇳
✨🇨🇳🇨🇳🇨🇳🇨🇳🇨🇳🇨🇳🇨🇳🇨🇳🇨🇳
✨🇨🇳✨✨✨🇨🇳✨✨✨✨
✨🇨🇳✨✨✨🇨🇳✨✨✨✨
✨🇨🇳✨🇨🇳🇨🇳🇨🇳🇨🇳🇨🇳✨✨
✨🇨🇳✨✨✨🇨🇳✨✨✨✨
✨🇨🇳✨✨✨✨🇨🇳✨✨✨
✨🇨🇳✨🇨🇳✨✨✨🇨🇳✨🇨🇳
✨🇨🇳🇨🇳✨✨✨✨✨🇨🇳✨
✨✨✨✨✨✨✨✨✨✨
✨🇨🇳🇨🇳🇨🇳🇨🇳🇨🇳🇨🇳🇨🇳🇨🇳🇨🇳
✨✨✨✨✨🇨🇳✨✨✨✨
✨✨✨✨✨🇨🇳✨✨✨✨
✨✨✨✨✨🇨🇳✨✨✨✨
✨✨✨✨✨🇨🇳🇨🇳🇨🇳🇨🇳🇨🇳
✨✨✨✨✨🇨🇳✨✨✨🇨🇳
✨✨✨✨🇨🇳✨✨✨✨🇨🇳
✨✨✨🇨🇳✨✨✨✨✨🇨🇳
✨✨🇨🇳✨✨✨✨🇨🇳✨🇨🇳
✨🇨🇳✨✨✨✨✨✨🇨🇳🇨🇳
✨✨✨✨✨✨✨✨✨✨
✨🇨🇳✨✨✨🇨🇳✨✨✨🇨🇳
✨🇨🇳✨✨✨🇨🇳✨✨✨🇨🇳
✨🇨🇳🇨🇳🇨🇳🇨🇳🇨🇳🇨🇳🇨🇳🇨🇳🇨🇳
✨✨✨✨✨🇨🇳✨✨✨✨
✨✨✨✨✨🇨🇳🇨🇳🇨🇳🇨🇳🇨🇳
✨✨✨🇨🇳🇨🇳✨✨✨🇨🇳✨
✨🇨🇳🇨🇳✨✨🇨🇳✨🇨🇳✨✨
✨✨✨✨✨✨🇨🇳✨✨✨
✨✨✨✨✨🇨🇳✨✨✨✨
✨🇨🇳🇨🇳🇨🇳🇨🇳✨✨✨✨✨",0,0
康安信,保密,2021-04-01 20:33:47,从人类史来看，昂撒就是一帮靠抢劫杀戮发家的土匪,0,0
b11ba12,保密,2021-04-01 20:21:59,应该把那个白磷弹的也剪进来，还有那个白头盔的，万恶啊，还拿钱支持这帮恶魔,0,0
贵阳商铺门面装修施工,男,2021-04-01 20:19:35,说实话 很多话我觉得没必要审 审了美日就会对咱们好？,0,0
超低空,保密,2021-04-01 20:18:02,Nike SB系列就挺魔性[doge][doge][doge],11,0
喀秋莎的哥哥皮卡丘,保密,2021-04-01 20:15:03,如果以前买了就买了，安心穿，以后不要再买就行了,0,0
通辽汗国太医令,男,2021-04-01 20:11:47,"兄弟们！
　　我爱美国！
　　我要去美国发光发热了
　　虽然我身在中国，但却依旧向往美国！
　　我终于离开了这生我养我的土地！
　　向往那自由的国度！
　　哪怕我现在去不了，但总有一天我会去的！
　　希望我去的时候
　　你们能记住我的名字！
　　……
　　……
　　东风41战略核导弹！",1197,24
_不重要,保密,2021-04-01 20:11:06,优衣库、Muji、、宜家、Nike、Puma  Adidas至少这几个是自己之前会买或常买的，自新闻报出开始，坚决抵制！,0,0
鬼眼狂刀李,保密,2021-04-01 19:56:41,只要是这种视频我都给你们三连，别让热度下来。我的想法是让他们si，不是让他们道歉,0,0
NVIDIA矿业公司CEO黄四郎,保密,2021-04-01 19:28:40,老北京小花园他不舒服吗？,0,0
dachao222,保密,2021-04-01 19:12:18,我的孩子生在中国，真好，,0,0
戈多caa,保密,2021-04-01 18:51:10,今天十字路口还看到一辆车的车身印着一个大大的耐克logo。给我人看傻了，这东西贴车身上是觉得很漂亮吗？就算没有棉花事件，我也觉得一鞋子logo贴车上挺low的。,862,59
ghoulshuai,男,2021-04-01 18:43:36,美国衰落之日就是美国灭亡之始,0,0
_狗_子_,保密,2021-04-01 18:43:05,它们也配谈人权?[灵魂出窍],0,0
会七十二变的鸟蛋,保密,2021-04-01 18:40:05,丑恶的嘴脸终将会众人皆知，伪装的把戏只能耍给自己欣赏[doge],0,0
路过买个雷电酱,保密,2021-04-01 18:35:11,鞋是买来踩脚底下的，不是让你跪着的[OK],0,0
降灾-恨生,女,2021-04-01 18:34:43,像我这种沉迷于二次元的真是庆幸，耐克？HM？不好意思一律没听说过，还是纸片人香啊[doge],0,0
time_sg,保密,2021-04-01 18:17:12,好好发育，赶紧出关，救民倒悬,0,0
船长超超,男,2021-04-01 18:14:41,老子高中生 就是穿匹克不懂潮流的土狗怎么地了,19,15
蜩螗蛩螀meticulous,男,2021-04-01 18:10:56,我，姜文，申遗,0,0
真理之律,保密,2021-04-01 18:05:30,不是碰瓷是有计划的要搞中国的棉制造业,0,0
Yukiniao,保密,2021-04-01 18:00:02,得道者多助，失道者寡助。,5,0
emmsooooo,保密,2021-04-01 17:47:44,所以说科技强国和文化强国都很重要，他们那群混蛋不会缴枪不杀的。有枪不用和无枪完全两回事。想想就可怕,2,0
情归江南,保密,2021-04-01 17:37:57,加紧卡脖子项目拉动内需，先和英国断交,0,0
Aka弓长八郎TaiGa老爹,保密,2021-04-01 17:30:09,"美国是自己有啥错就说中国有啥
服了",0,0
小信诚则大信立,男,2021-04-01 17:18:38,今天是4月1日，不敢忘。,0,0
蹲坑作孽,男,2021-04-01 17:14:18,把战场逮到的杀人犯再还回去?,0,0
来了跳,保密,2021-04-01 17:09:09,Nike这东西已经买了的我继续穿，之后再也不买了，尤其是那个广告词之后。个人观点，别人的事儿我不管,6262,87
狐半仙儿日常,保密,2021-04-01 17:03:35,美国必亡！耐克召唤撒旦必亡！,0,0
追寻_梁仔,保密,2021-04-01 16:56:46,@种花知兴衰 审核也是在为你着想,0,0
君bog临,保密,2021-04-01 16:51:34,武力值终究是一个人，一个民族，一个国家乃至文明的底气，自然界早己树立的铁律(弱肉强食，适者生存)在食物链之间己经演译无数次了，武力是一种强制力，可以用于入侵也可威慑亦或谈判，这取决于拥的人如何选怿一个高收益的决择，后:生命因利运转，无论生活如何安逸，切勿退却撩牙利齿[阴险],0,0
不要极左,保密,2021-04-01 16:32:59,今天出门儿，我一看我内鞋上有个对号，这给我恶心的，我从网上呼吁抵制当好几天，没想到最后小丑竟是我自己，然后我就赶紧问我妈又找了一双，我妈还问这双咋了，我说牌子错了，我妈还吐槽我挑牌子[笑哭],81,6
积极的灯草,男,2021-04-01 16:28:58,国人逐渐觉醒，这是好事儿[呲牙],0,0
LHM八一21,男,2021-04-01 16:23:11,天下苦美久矣，势必有人扛起反美大旗，虽千万人吾往矣！！！[doge][doge][doge],2,0
我是一个丶路人甲,男,2021-04-01 16:15:53,看来得吧把美国灭了，这个世界就没那么多事儿了,0,0
黑背_豺-樱兰,保密,2021-04-01 15:55:55,xswl，为什么还有弹幕说为什么我们不出兵去解救他们？,483,23
冰糖糊了个娃,保密,2021-04-01 15:50:12,还有缺心眼儿的说这就是一双鞋一件衣服的事儿呢。,5,0
ChenXZz,保密,2021-04-01 14:59:56,没有你 对我很重要,0,0
我是谁我在哪呢,保密,2021-04-01 14:54:16,我没绿吧,0,0
eoew,保密,2021-04-01 14:51:40,美国就是世界的祸根，可惜正不压邪,2,1
姄姄。,女,2021-04-01 14:47:57,当我知道这个消息立马在网上给我妈买了一双安踏的鞋，质量挺好的。,2,0
我今天没吃肉蛋奶,男,2021-04-01 14:45:45,"✨✨✨✨✨✨✨✨✨✨
✨✨✨✨✨🇨🇳✨✨✨✨
✨✨✨✨✨🇨🇳✨✨✨✨
✨✨✨✨✨🇨🇳✨✨✨✨
✨✨✨✨✨🇨🇳✨✨✨✨
✨✨✨✨✨🇨🇳✨✨✨✨
✨✨✨✨✨🇨🇳✨✨✨✨
✨✨✨✨🇨🇳✨🇨🇳✨✨✨
✨✨✨🇨🇳✨✨✨🇨🇳✨✨
✨✨🇨🇳✨✨✨✨✨🇨🇳✨
✨🇨🇳✨✨✨✨✨✨✨🇨🇳
✨✨✨✨✨✨✨✨✨✨
✨🇨🇳🇨🇳🇨🇳🇨🇳🇨🇳🇨🇳🇨🇳🇨🇳🇨🇳
✨🇨🇳✨✨✨✨✨✨✨🇨🇳
✨🇨🇳🇨🇳🇨🇳🇨🇳🇨🇳🇨🇳🇨🇳🇨🇳🇨🇳
✨🇨🇳✨✨✨🇨🇳✨✨✨✨
✨🇨🇳✨✨✨🇨🇳✨✨✨✨
✨🇨🇳✨🇨🇳🇨🇳🇨🇳🇨🇳🇨🇳✨✨
✨🇨🇳✨✨✨🇨🇳✨✨✨✨
✨🇨🇳✨✨✨✨🇨🇳✨✨✨
✨🇨🇳✨🇨🇳✨✨✨🇨🇳✨🇨🇳
✨🇨🇳🇨🇳✨✨✨✨✨🇨🇳✨
✨✨✨✨✨✨✨✨✨✨
✨🇨🇳🇨🇳🇨🇳🇨🇳🇨🇳🇨🇳🇨🇳🇨🇳🇨🇳
✨✨✨✨✨🇨🇳✨✨✨✨
✨✨✨✨✨🇨🇳✨✨✨✨
✨✨✨✨✨🇨🇳✨✨✨✨
✨✨✨✨✨🇨🇳🇨🇳🇨🇳🇨🇳🇨🇳
✨✨✨✨✨🇨🇳✨✨✨🇨🇳
✨✨✨✨🇨🇳✨✨✨✨🇨🇳
✨✨✨🇨🇳✨✨✨✨✨🇨🇳
✨✨🇨🇳✨✨✨✨🇨🇳✨🇨🇳
✨🇨🇳✨✨✨✨✨✨🇨🇳🇨🇳
✨✨✨✨✨✨✨✨✨✨
✨🇨🇳✨✨✨🇨🇳✨✨✨🇨🇳
✨🇨🇳✨✨✨🇨🇳✨✨✨🇨🇳
✨🇨🇳🇨🇳🇨🇳🇨🇳🇨🇳🇨🇳🇨🇳🇨🇳🇨🇳
✨✨✨✨✨🇨🇳✨✨✨✨
✨✨✨✨✨🇨🇳🇨🇳🇨🇳🇨🇳🇨🇳
✨✨✨🇨🇳🇨🇳✨✨✨🇨🇳✨
✨🇨🇳🇨🇳✨✨🇨🇳✨🇨🇳✨✨
✨✨✨✨✨✨🇨🇳✨✨✨
✨✨✨✨✨🇨🇳✨✨✨✨
✨🇨🇳🇨🇳🇨🇳🇨🇳✨✨✨✨✨",4756,21
熊猫拿菜刀,男,2021-04-01 14:45:27,印第安人表示老子百年前就知道他们是土匪,0,0
好日子还在后头了,保密,2021-04-01 14:44:01,[doge],0,0
瞎嚼蛆,男,2021-04-01 14:37:46,看得我起鸡皮疙瘩恶魔在美国,0,0
薛定谔的铅笔,男,2021-04-01 14:30:02,鲍德里亚，消费，符号，拟像符号,0,0
闲来秋凉,男,2021-04-01 14:27:01,便宜，耐操才是真理！,0,1
最爱CBA,男,2021-04-01 14:26:33,且听龙吟,1,0
弱爆耶逊耶,男,2021-04-01 14:24:15,[doge][微笑][OK][星星眼][妙啊][辣眼睛][吃瓜][滑稽][呲牙][打call][歪嘴]鞋孝子：我不管我不管我就要买，我就要穿,0,0
亡灵姜,保密,2021-04-01 14:23:06,国虽大，好战必亡。,0,0
嘎嘎嘎大肥鸭,男,2021-04-01 14:17:30,支持up！,0,0
e14781,保密,2021-04-01 14:17:20,然而阿迪耐克一打折，也就个8-9折的样子，9折就能让好多人没了骨头，我就纳了闷，耐克好看在哪？原谅我的审美，耐克就一双阿甘我觉得还有点颜值,0,0
爱岗敬业熊先生,保密,2021-04-01 14:11:33,最恶心的是美国一些电影居然美化了他们的侵略行为,0,0
啾啾不是秋秋,女,2021-04-01 14:04:25,"自己国内除了鞋子牌子很多的，除了众所周知的李宁外，就我知道的比如人本的帆布鞋，奥康的皮鞋，运动鞋就更多了361，特步，鸿星尔克，贵人鸟等等的，女鞋达芙妮，千百度，红蜻蜓，童鞋巴布豆,ABC，七波辉，这些是不是都很耳熟[脱单doge]",63,16
敞篷V10双涡轮增压手扶拖拉机,男,2021-04-01 14:01:40,我们将带头反抗这旧世界的肮脏秩序。,0,0
好钟意你鸭,男,2021-04-01 13:52:14,君子报仇，十年不晚，西方，等着咱们秋后算账吧！,15,1
明月巨好看,保密,2021-04-01 13:50:59,"这样儿（中国技术）加这样儿（国产）
告诉我
能不能
站着把钱挣了",241,5
魏宝娟,保密,2021-04-01 13:48:11,大哥你这明显标题和内容不服，别为了蹭热度取名字可以吗,0,0
即无轮转,保密,2021-04-01 13:44:19,https://b23.tv/BV1yK4y1J7PY,0,0
Teodac,保密,2021-04-01 13:43:00,都是血,0,0
A_Solitude,保密,2021-04-01 13:42:25,【置顶】愿中国青年都摆脱冷气，只是向上走，不必听自暴自弃者流的话，能做事的做事，能发声的发声，有一分热，发一分光，就令萤火一般，也可以在黑暗里发一点光，不必等候炬火，此后如竟没有炬火，我便是唯一的光。——鲁迅《热风，随感录四十一》 ,167,11
狷狂一生,保密,2021-04-01 13:42:13,牠越没什么就爱叫嚣什么！,0,0
滴滴滴，,保密,2021-04-01 13:40:01,他们真的不配,2,0
歌呜辜,男,2021-04-01 13:34:29,说实话，我只爱安踏鸟,16,7
种花家的逆行者,男,2021-04-01 13:30:10,这TM就是双标！,2,0
他他踢他,男,2021-04-01 13:23:00,今天刚买了个老北京布孩[奋斗]，30块钱,3,4
xinxianyu518,保密,2021-04-01 13:18:42,黄种人崛起！,0,0
李宋小楠,保密,2021-04-01 13:18:19,同事换手机，有其他同事说不能换明天可能打来的炮弹，然后就转mate40pro了。年前换笔记本，其他都没考虑，半个月抢到matebook14，抢的过程不及手机mate40的焦灼。好多人说华为就耍消费者吧，那消费者得想想为啥花钱还这么费劲呢，华为有钱不赚？为啥不想想一个企业遭一个大国制裁，会不会更焦灼！好多前辈抛头颅洒热血换来的今天，应该明理 自信点了，多用点国货吧，用个手机无非通信娱乐，衣服无非舒适得体。院士倒是布衣了，没有多大的成就，就苹果耐克只在表面武装，跪久了可真就起不来了！,568,32
种花家的一名观察员,男,2021-04-01 13:15:50,国产不香吗？,2,0
上海麻球,男,2021-04-01 13:14:20,最近在穿特步。,0,0
凌烟鹤,保密,2021-04-01 13:12:18,鲜血和肮脏的内核不能以真面目示人，所以他们标榜自由，民主，人权，平等，但是金玉其外，败絮其中，这些本不该用来粉饰太平的高尚变成了他们加给世界的枷锁，如同挟天子以令诸侯一般，对所有看不惯的人加以惩罚，美其名曰“清君侧”……,10,0
输入法正在加载,男,2021-04-01 13:04:37,白头盔的片段就别放了，造假的,0,0
以真实为目标,保密,2021-04-01 12:59:19,早晚有一天会出现由我国主导的新的国际局势,14,0
molues,保密,2021-04-01 12:53:40,你怕是弄错了什么，我们谈的是人杈！穿刺公的那种！,2,0
影子没有爱情,男,2021-04-01 12:49:53,把北美变成中东，世界就太平了,4,0
MetalLoong,保密,2021-04-01 12:48:58,天下苦美久已,2,0
碧水蒹葭与卿迟暮,保密,2021-04-01 12:48:57,以小人之心度君子之腹,0,0
哈啤是真难喝,保密,2021-04-01 12:45:42,[doge][doge][doge],0,0
blackypinky,男,2021-04-01 12:45:32,孩子那里是真的心疼泪目。。美国应该感到shame,65,3
吕音靓,保密,2021-04-01 12:45:19,辛苦了，英美撒克逊人种就是世界之癌。,18,0
赤兔就是红色的兔子,男,2021-04-01 12:43:01,还世界以清明，还人间以正道的评论，都能被吃了吗[OK][OK][OK],0,0
Henry鱼鱼妖,保密,2021-04-01 12:37:46,支持,1,0
还差点康米,男,2021-04-01 12:32:39,美国就是喜欢拿他们自己做过的来污蔑其他国家[辣眼睛],502,7
柒柒似诗酒,保密,2021-04-01 12:26:31,国产不香吗,36,5
种花知兴衰,男,2021-04-01 12:20:53,"没办法，因为一个画面一直过不了审，被退了六七次，直到马赛克打得如此之厚[笑哭] 
素材使用了站内姜文采访片段，军事纪录片，报道，电影《为奴十二年》等等",5408,92
春风改革满地吹,男,2021-04-01 12:20:16,比较前排[doge],2,0
格调本调,保密,2021-04-01 12:19:44,美国消失了，世界就清静了[辣眼睛],781,33
签到领原石,女,2021-04-01 12:19:34,来了,1,0
爱上双马尾1023,男,2021-04-01 12:18:25,前排,0,0
没名字2011,保密,2021-04-01 12:17:45,蛮夷之辈,1,0
纯牛奶与白开水,男,2021-04-01 12:16:40,大哥好！,0,0
劳模老莫,男,2021-04-01 12:12:28,火速赶来三连,6,0
Fatherink,男,2021-04-01 12:12:10,前排！！[doge],5,0
